No.,Top1_sent,Top2_sent,Top3_sent,Top4_sent,Top5_sent,Top6_sent,Top7_sent,Top8_sent,Top9_sent,Top10_sent,Top11_sent,Top12_sent,Top13_sent,Top14_sent,Top15_sent,Top16_sent,Top17_sent,Top18_sent,Top19_sent,Top20_sent,Label
1,0,0,0,1,-1,-1,0,-1,-1,0,1,1,-1,-1,0,1,0,-1,1,0,0
2,0,-1,1,0,0,1,-1,1,1,0,0,1,0,1,0,-1,1,0,0,0,1
3,1,0,-1,-1,0,0,0,1,-1,0,1,-1,0,1,1,1,1,-1,-1,1,0
4,0,0,-1,-1,1,0,0,0,0,1,-1,0,1,0,1,-1,0,0,0,0,0
5,0,0,1,-1,-1,-1,1,1,0,-1,0,1,1,1,-1,1,0,1,0,1,1
6,-1,0,-1,0,0,0,0,1,0,0,0,1,1,0,0,1,0,-1,-1,0,1
7,0,1,0,0,0,0,1,0,1,0,0,0,-1,-1,0,1,1,-1,0,0,0
8,0,1,0,-1,0,0,0,-1,1,0,0,1,0,0,0,-1,1,1,0,0,0
9,0,0,1,-1,0,1,0,0,0,0,0,0,-1,0,0,0,-1,0,0,0,1
10,1,-1,0,0,0,1,0,-1,-1,-1,0,0,0,0,0,0,-1,1,1,0,1
11,1,1,1,0,0,1,0,0,1,0,0,0,1,0,0,0,0,0,0,0,1
12,0,0,-1,0,1,1,0,-1,0,0,0,-1,0,1,-1,0,0,1,1,0,0
13,-1,-1,1,-1,1,1,-1,0,1,-1,0,0,0,-1,0,0,0,0,0,0,1
14,1,0,-1,0,0,1,0,-1,-1,0,1,1,0,0,0,0,0,1,0,0,1
15,-1,0,-1,0,0,-1,0,0,1,1,0,0,0,0,0,-1,0,-1,0,-1,1
16,0,0,0,0,-1,-1,-1,-1,0,-1,0,0,0,0,0,0,0,1,0,0,0
17,-1,1,1,0,0,0,-1,1,0,0,1,0,0,0,0,0,-1,1,0,-1,0
18,1,1,0,1,0,-1,0,-1,0,-1,-1,-1,1,0,0,1,1,1,0,0,1
19,-1,-1,1,0,-1,0,1,0,0,0,0,0,0,-1,0,0,1,0,-1,0,0
20,-1,0,-1,-1,1,0,0,1,1,-1,-1,0,0,0,0,-1,0,1,-1,1,1
21,0,1,0,0,0,0,0,0,0,-1,-1,-1,-1,-1,-1,-1,0,0,0,0,1
22,-1,0,-1,0,1,0,0,0,-1,0,0,-1,0,0,1,-1,-1,-1,1,0,0
23,0,1,0,-1,1,0,-1,0,1,0,-1,0,-1,0,0,1,0,1,1,0,1
24,1,-1,0,0,1,0,-1,0,1,0,0,0,-1,0,1,0,0,0,0,-1,1
25,0,0,-1,0,-1,1,0,-1,0,0,1,0,0,0,1,1,0,-1,0,1,0
26,0,1,0,0,0,-1,-1,0,1,0,0,0,0,-1,0,0,-1,-1,0,0,0
27,-1,0,-1,0,-1,-1,0,0,-1,0,0,-1,1,0,-1,0,0,-1,0,0,1
28,-1,-1,0,0,0,0,1,-1,0,0,0,0,1,0,0,0,0,0,0,0,0
29,-1,0,0,1,0,1,0,0,-1,1,0,-1,1,-1,0,0,1,0,0,0,1
30,0,0,0,0,-1,0,1,0,-1,1,-1,0,0,0,0,0,0,-1,0,0,1
31,0,0,1,1,0,-1,-1,0,0,-1,0,0,0,0,-1,0,0,0,0,0,0
32,-1,0,0,0,0,0,0,1,-1,0,0,0,0,-1,1,-1,0,1,0,-1,0
33,1,-1,0,-1,-1,0,0,1,-1,0,-1,0,1,0,0,0,0,0,0,0,0
34,0,0,1,0,0,0,0,0,0,0,-1,-1,0,0,0,-1,0,0,1,-1,1
35,0,1,0,0,1,0,0,-1,-1,0,1,1,0,-1,1,0,0,0,0,0,1
36,0,-1,1,-1,1,-1,0,-1,0,1,-1,0,1,0,0,0,1,0,1,1,0
37,1,-1,0,-1,-1,0,0,0,1,0,-1,0,1,-1,0,0,-1,1,0,1,1
38,1,1,0,0,1,1,0,1,-1,1,1,0,1,0,0,0,0,0,0,0,0
39,0,0,1,0,-1,0,1,1,0,1,1,0,1,1,0,0,0,1,0,0,0
40,0,0,0,1,1,0,0,1,-1,1,-1,0,0,-1,1,0,0,0,1,-1,0
41,1,-1,-1,0,0,0,0,1,0,0,0,-1,0,0,0,0,0,1,0,0,0
42,1,-1,-1,0,-1,-1,0,-1,1,-1,1,1,1,0,-1,0,0,1,-1,0,0
43,1,1,0,0,1,1,0,0,1,0,1,-1,1,0,-1,1,0,-1,-1,0,0
44,-1,-1,-1,0,0,1,-1,0,1,1,0,0,0,-1,0,0,1,0,1,0,0
45,-1,0,1,0,0,0,0,-1,1,0,1,0,0,1,0,1,0,0,0,1,0
46,1,1,0,0,0,0,-1,1,1,1,0,1,-1,1,0,0,1,0,1,-1,1
47,0,0,0,1,1,0,1,1,0,0,0,0,-1,1,1,0,1,0,1,-1,0
48,1,1,-1,1,0,0,-1,0,0,-1,1,0,0,0,0,0,0,0,0,0,0
49,0,1,0,-1,1,1,-1,0,-1,1,0,1,-1,0,1,-1,0,-1,-1,0,1
50,-1,0,1,1,-1,0,1,-1,1,0,0,0,1,1,1,1,1,0,1,0,0
51,0,1,-1,1,-1,1,0,0,0,0,0,0,0,1,0,-1,1,1,1,1,1
52,0,1,1,1,1,0,1,0,-1,0,0,1,0,0,0,-1,-1,0,-1,-1,0
53,1,1,1,0,-1,1,1,0,1,0,-1,1,0,0,0,1,0,0,0,0,0
54,1,1,-1,1,1,0,-1,0,0,-1,-1,0,-1,-1,1,0,0,0,-1,0,1
55,0,0,1,0,-1,1,-1,0,0,-1,-1,0,0,0,1,0,0,-1,-1,-1,0
56,0,1,0,-1,1,0,0,0,-1,1,1,-1,-1,0,1,0,0,0,-1,0,0
57,-1,1,0,-1,-1,-1,0,0,0,0,1,0,0,0,-1,1,1,1,0,0,1
58,1,-1,-1,1,0,-1,0,0,0,0,1,0,0,0,1,0,0,-1,1,-1,0
59,0,0,-1,0,1,0,0,0,0,0,-1,-1,-1,1,0,-1,0,-1,1,-1,1
60,0,0,-1,-1,0,1,-1,0,0,0,-1,0,0,0,0,0,0,0,1,-1,1
61,0,1,-1,1,0,-1,0,-1,1,-1,0,1,0,-1,-1,0,0,0,-1,1,0
62,0,1,-1,0,-1,0,-1,1,1,0,0,-1,0,-1,0,0,1,1,-1,1,1
63,0,1,0,1,0,0,-1,0,-1,-1,1,0,-1,1,0,0,0,0,-1,1,0
64,-1,0,1,0,1,-1,0,0,1,-1,0,1,0,1,0,0,0,0,-1,0,0
65,0,1,0,0,1,-1,1,0,0,0,-1,0,0,-1,0,0,1,1,1,1,1
66,0,0,-1,1,0,1,0,-1,0,1,-1,1,0,1,0,0,0,0,-1,-1,0
67,0,1,0,0,-1,0,1,0,0,0,0,-1,0,-1,0,0,0,0,1,-1,0
68,-1,-1,0,1,0,0,1,-1,0,1,1,-1,-1,1,0,-1,1,1,0,0,0
69,1,0,-1,0,0,-1,-1,0,0,0,0,0,0,0,0,-1,0,-1,0,-1,1
70,0,-1,0,-1,0,0,0,-1,0,0,0,1,-1,-1,0,0,0,0,1,0,0
71,1,0,1,0,0,0,0,0,0,0,0,-1,0,0,0,0,0,-1,0,1,0
72,-1,-1,-1,0,1,-1,0,0,-1,0,1,1,-1,0,0,0,0,1,1,-1,1
73,-1,0,-1,1,0,0,1,0,0,0,0,-1,0,0,0,0,0,0,0,0,0
74,0,0,1,0,0,-1,0,1,1,0,-1,1,0,0,0,0,0,0,0,0,0
75,0,0,-1,0,0,0,1,0,1,-1,0,-1,0,0,0,1,0,0,0,0,1
76,0,1,0,0,1,0,0,0,-1,0,1,1,0,0,0,1,1,0,0,0,1
77,1,0,1,0,1,0,0,-1,0,0,1,0,0,0,-1,-1,0,-1,1,0,1
78,1,0,-1,0,1,1,0,1,0,0,0,0,-1,0,0,1,-1,0,1,0,1
79,0,0,0,0,0,1,0,1,-1,0,0,-1,1,0,-1,0,-1,0,-1,0,1
80,0,0,0,0,0,0,0,-1,0,0,0,0,1,0,1,0,-1,0,0,0,0
81,-1,0,0,0,1,1,1,0,0,-1,1,0,1,0,0,0,1,-1,0,0,1
82,1,1,0,-1,-1,-1,-1,0,0,0,0,1,-1,0,1,-1,0,0,0,0,1
83,0,1,-1,0,0,0,0,0,0,0,-1,0,0,0,0,0,0,0,1,-1,0
84,-1,0,0,0,1,1,0,1,-1,1,-1,0,1,1,0,-1,-1,1,0,0,1
85,0,1,0,-1,1,0,0,1,1,1,0,1,0,0,1,1,0,0,-1,0,1
86,-1,-1,0,1,-1,-1,0,0,0,0,-1,0,1,-1,0,0,-1,1,0,0,0
87,0,-1,-1,1,0,0,0,1,1,-1,0,0,0,0,0,0,1,1,0,1,1
88,0,0,1,-1,0,1,0,1,0,1,1,0,1,0,0,0,0,-1,1,0,0
89,-1,-1,-1,-1,0,0,-1,0,0,0,0,0,1,0,-1,0,0,0,-1,-1,1
90,0,-1,-1,0,0,0,0,0,0,0,0,0,-1,0,-1,-1,1,-1,0,1,0
91,-1,1,0,-1,0,-1,0,1,0,0,0,-1,0,1,0,0,0,0,0,0,1
92,0,-1,1,0,-1,1,1,1,-1,-1,0,1,0,0,1,0,1,0,0,0,0
93,0,0,1,0,0,1,-1,0,-1,0,0,0,1,0,1,-1,0,1,0,0,0
94,1,1,0,1,-1,0,-1,1,1,0,-1,0,0,0,1,0,0,0,1,0,0
95,-1,-1,0,-1,-1,0,0,-1,0,0,0,0,0,-1,0,0,0,-1,-1,-1,0
96,-1,1,1,0,-1,1,0,0,0,-1,0,0,-1,0,0,0,-1,1,0,0,0
97,0,1,1,1,1,-1,0,1,1,0,0,0,0,1,0,0,-1,1,0,0,1
98,-1,1,-1,0,-1,0,-1,1,0,1,1,0,-1,0,0,1,1,0,0,0,1
99,1,0,0,0,0,0,0,1,0,1,1,-1,1,0,0,0,1,-1,0,0,0
100,-1,-1,1,0,0,0,-1,1,-1,1,0,0,0,1,1,1,-1,-1,0,0,1
101,-1,0,1,0,-1,1,0,1,0,-1,0,-1,-1,0,1,1,1,1,-1,0,1
102,0,-1,1,0,-1,0,-1,0,1,0,0,0,0,0,-1,1,1,0,0,0,1
103,0,0,0,-1,0,0,0,0,-1,1,-1,0,1,0,1,-1,-1,0,1,0,0
104,1,1,0,0,0,0,0,1,0,-1,0,-1,0,0,0,1,0,0,1,0,1
105,0,0,1,-1,0,0,-1,1,1,1,0,1,1,0,1,1,0,0,0,1,0
106,0,0,0,0,0,0,0,0,1,0,-1,-1,1,-1,0,0,-1,0,0,1,0
107,0,1,0,0,1,0,0,0,1,1,1,0,0,0,1,0,0,-1,1,-1,0
108,0,0,0,0,0,-1,0,0,0,1,0,1,0,1,-1,1,1,1,0,1,0
109,0,-1,-1,0,-1,-1,1,0,0,0,0,0,1,0,1,0,0,0,-1,0,0
110,0,-1,0,0,-1,-1,0,0,0,0,1,0,0,0,0,1,0,-1,0,0,0
111,-1,0,-1,1,1,0,0,1,1,-1,1,0,0,0,0,0,0,0,-1,0,1
112,0,1,0,1,0,-1,-1,-1,-1,-1,0,1,0,-1,0,0,0,0,-1,0,1
113,1,-1,1,-1,0,0,0,0,0,0,1,0,0,0,1,-1,-1,0,-1,1,0
114,0,0,0,0,-1,0,-1,-1,0,1,0,0,0,1,1,0,-1,1,0,0,1
115,-1,-1,0,1,0,-1,1,0,0,-1,1,0,0,1,-1,0,0,-1,1,1,0
116,0,-1,-1,0,0,-1,0,0,1,1,1,-1,1,0,0,0,0,0,-1,1,0
117,-1,0,1,-1,0,-1,-1,-1,1,1,1,0,-1,0,0,0,0,-1,1,-1,1
118,1,1,1,0,0,-1,-1,0,0,0,0,1,-1,-1,-1,1,-1,0,0,-1,1
119,0,1,1,0,-1,0,-1,1,0,-1,1,0,-1,0,0,0,1,1,-1,1,1
120,0,0,0,1,-1,0,-1,1,0,0,1,0,1,0,0,0,1,-1,0,0,0
121,0,-1,0,0,1,-1,0,0,0,1,-1,1,1,1,0,0,0,-1,0,-1,0
122,0,1,0,-1,1,0,0,-1,1,-1,-1,-1,0,-1,-1,1,0,0,1,-1,0
123,1,1,1,0,1,-1,-1,0,-1,0,0,0,-1,0,-1,0,0,0,-1,0,1
124,-1,1,0,0,-1,1,-1,0,1,-1,-1,-1,-1,0,1,-1,0,-1,1,0,0
125,1,1,1,1,0,0,1,1,0,1,0,0,0,1,0,0,0,0,-1,1,1
126,0,0,0,0,0,1,0,0,0,-1,0,0,1,1,-1,1,1,-1,1,1,1
127,0,0,0,-1,0,0,0,1,-1,0,1,0,-1,0,0,0,0,1,1,1,0
128,1,0,1,0,0,0,0,0,0,1,0,-1,-1,0,0,1,-1,0,0,1,0
129,0,1,1,-1,-1,-1,0,0,-1,-1,0,0,-1,0,1,1,0,1,1,0,1
130,-1,0,0,0,0,-1,0,0,1,1,0,0,0,1,0,-1,0,1,1,0,0
131,-1,-1,-1,0,0,-1,0,0,1,0,0,0,0,0,0,0,0,1,1,0,0
132,-1,-1,0,0,1,0,0,0,-1,0,1,0,0,0,0,0,0,1,0,-1,0
133,0,0,0,0,0,-1,0,-1,0,-1,0,0,0,0,0,0,0,-1,-1,-1,1
134,-1,1,0,0,0,0,1,0,0,0,0,1,0,-1,1,0,-1,0,0,0,0
135,0,0,1,0,0,0,0,0,-1,1,-1,-1,-1,-1,0,0,0,-1,0,0,0
136,0,0,1,-1,-1,0,-1,-1,0,-1,-1,0,0,1,0,-1,1,0,-1,-1,0
137,-1,0,0,1,-1,-1,-1,1,0,-1,0,1,1,1,1,1,0,0,-1,-1,1
138,0,0,1,0,1,0,0,-1,0,-1,0,1,-1,0,-1,-1,0,0,1,-1,0
139,0,0,-1,0,0,-1,1,1,0,1,0,0,0,1,0,1,0,0,1,-1,0
140,0,0,0,0,0,0,1,1,0,0,1,0,-1,0,0,0,0,0,0,1,0
141,0,-1,1,0,-1,0,-1,0,1,-1,0,0,-1,0,0,1,-1,0,0,0,0
142,-1,-1,-1,0,1,0,0,-1,-1,0,1,-1,0,1,1,0,-1,0,0,0,0
143,-1,0,1,0,-1,-1,0,1,-1,0,1,0,-1,1,0,1,0,0,0,0,1
144,-1,0,1,-1,-1,0,0,0,0,0,0,0,0,1,0,-1,-1,0,-1,0,0
145,-1,-1,-1,1,0,-1,-1,1,-1,-1,0,0,-1,0,0,-1,0,-1,1,1,1
146,1,0,1,1,-1,1,0,0,1,0,1,0,0,-1,-1,0,-1,0,0,1,0
147,0,-1,0,1,-1,1,-1,0,1,-1,1,0,0,0,-1,0,-1,0,-1,-1,1
148,0,0,0,0,-1,-1,1,1,1,1,1,-1,1,-1,1,0,-1,1,0,1,1
149,-1,0,-1,1,0,0,0,-1,-1,1,0,-1,1,0,0,0,0,-1,1,1,1
150,1,-1,1,0,1,1,0,-1,-1,-1,0,0,-1,1,0,0,0,0,-1,0,1
151,1,-1,0,0,-1,1,0,1,1,1,0,0,-1,1,0,1,0,1,-1,0,0
152,0,-1,1,-1,1,1,-1,0,0,0,-1,0,1,0,-1,0,0,0,0,0,1
153,0,0,0,0,-1,1,-1,0,0,1,0,0,0,-1,0,0,0,0,0,0,1
154,1,0,-1,-1,0,0,0,0,-1,-1,0,0,0,0,-1,-1,1,1,0,0,0
155,1,1,0,-1,1,0,-1,0,0,-1,-1,-1,-1,0,1,-1,0,1,1,0,0
156,1,1,1,1,1,0,-1,1,1,1,-1,0,0,0,0,-1,0,1,1,0,1
157,0,1,1,0,1,1,0,0,-1,0,0,0,0,-1,-1,1,-1,0,0,0,0
158,0,-1,-1,-1,0,0,0,-1,0,-1,-1,0,0,-1,0,0,1,0,1,0,1
159,0,1,1,0,-1,1,-1,-1,0,0,0,0,0,0,0,1,-1,1,0,0,1
160,-1,0,1,-1,1,0,1,0,0,0,1,0,1,0,-1,0,0,0,0,1,0
161,0,-1,1,0,-1,0,-1,0,1,0,1,1,0,-1,0,0,0,0,1,0,0
162,-1,0,0,1,-1,0,0,0,0,-1,0,0,0,1,-1,1,0,0,-1,-1,1
163,0,1,-1,1,0,-1,1,1,0,-1,-1,-1,0,1,0,0,-1,0,-1,1,1
164,1,1,0,1,1,1,-1,1,1,0,0,0,1,0,1,0,0,0,1,-1,1
165,0,1,0,1,-1,0,0,-1,-1,0,1,0,0,0,0,0,0,-1,1,-1,1
166,0,0,0,0,-1,-1,0,0,0,-1,1,-1,0,1,1,1,0,-1,-1,-1,0
167,-1,1,0,0,0,1,-1,1,0,0,-1,0,-1,0,0,1,1,-1,0,0,0
168,-1,1,1,0,0,0,-1,-1,0,0,1,0,1,1,0,0,1,0,0,0,1
169,0,0,-1,1,0,0,-1,-1,0,0,1,-1,0,-1,0,1,0,0,0,-1,1
170,0,-1,-1,0,-1,-1,1,0,0,-1,0,0,0,1,1,0,0,1,-1,-1,0
171,0,1,0,0,0,0,1,0,1,0,0,0,-1,0,-1,1,-1,1,0,1,0
172,0,0,0,0,-1,1,1,-1,0,1,-1,1,0,0,0,1,-1,0,0,1,1
173,0,0,0,0,0,0,0,0,1,-1,0,-1,1,-1,1,1,0,1,0,1,1
174,0,0,1,0,-1,0,0,0,0,-1,-1,-1,0,0,-1,1,0,-1,-1,0,1
175,0,1,1,-1,0,0,-1,-1,0,0,0,0,0,-1,-1,0,0,-1,0,-1,0
176,0,0,0,-1,0,1,0,0,1,0,1,1,0,-1,1,0,-1,1,0,0,1
177,1,1,1,-1,1,1,1,0,0,-1,-1,1,0,0,1,-1,0,0,0,-1,0
178,-1,0,0,0,1,0,0,0,0,1,-1,1,1,-1,-1,0,1,1,0,1,1
179,1,-1,-1,0,0,1,0,1,-1,0,0,0,-1,1,-1,0,1,1,0,0,1
180,0,1,1,0,0,0,1,0,-1,0,0,-1,1,0,1,1,1,0,1,1,0
181,0,0,0,-1,0,1,1,1,0,-1,0,0,0,-1,0,0,-1,0,1,0,0
182,0,-1,0,0,-1,0,1,0,0,1,0,0,0,0,1,-1,1,-1,1,1,1
183,1,-1,1,-1,0,1,0,0,-1,0,-1,1,1,0,0,-1,0,0,0,-1,0
184,1,-1,0,1,1,0,-1,1,0,-1,1,0,1,1,0,-1,-1,1,0,0,1
185,0,1,1,1,0,-1,1,1,-1,-1,0,-1,1,0,0,0,0,1,0,-1,1
186,1,0,1,0,-1,1,0,0,-1,-1,1,1,0,0,0,0,1,0,0,0,0
187,0,1,0,1,-1,0,0,1,1,0,1,0,0,-1,-1,-1,-1,0,1,0,1
188,1,-1,0,0,0,0,1,1,-1,0,0,-1,1,0,1,1,1,1,-1,0,0
189,1,1,-1,1,-1,0,-1,1,0,-1,0,1,0,-1,0,0,0,0,0,0,1
190,-1,-1,-1,1,1,1,0,-1,-1,1,1,0,-1,0,-1,1,1,0,0,1,0
191,1,-1,0,0,0,0,-1,0,1,0,0,0,0,0,1,1,1,0,-1,-1,1
192,0,1,0,1,-1,0,1,-1,-1,0,-1,0,1,-1,1,1,1,0,0,-1,0
193,0,-1,0,0,1,-1,0,1,0,0,0,1,0,1,0,0,1,0,-1,0,1
194,1,1,1,0,0,1,0,0,0,1,-1,0,1,0,-1,0,0,1,0,0,0
195,-1,0,1,-1,0,0,0,0,0,0,0,1,0,0,0,-1,1,-1,0,0,1
196,0,0,1,-1,-1,-1,0,1,1,1,0,0,0,1,0,0,0,1,0,-1,0
197,0,1,-1,0,0,-1,0,0,0,1,0,0,-1,-1,-1,1,-1,0,1,0,0
198,-1,0,0,1,-1,1,0,1,0,0,0,1,0,0,0,0,0,0,1,0,0
199,-1,1,1,-1,0,1,-1,1,0,0,0,0,-1,-1,1,0,1,0,1,0,0
200,0,0,1,0,0,0,0,0,-1,1,0,0,-1,1,1,1,0,1,-1,-1,1
201,-1,-1,-1,-1,0,0,0,0,-1,0,1,-1,0,1,0,0,1,0,0,0,0
202,1,0,0,1,1,1,1,1,-1,-1,0,-1,0,1,0,0,0,1,0,-1,1
203,1,1,0,-1,-1,1,-1,1,0,0,1,0,0,1,1,-1,0,-1,0,1,1
204,0,0,1,0,-1,1,1,1,0,-1,1,0,0,1,0,0,0,-1,0,0,1
205,-1,0,1,0,0,1,-1,0,-1,-1,-1,0,1,0,0,1,0,-1,1,1,1
206,0,0,0,1,0,0,1,0,0,0,0,1,-1,1,-1,-1,0,1,0,1,0
207,-1,1,1,-1,0,-1,0,1,1,0,0,-1,-1,0,0,0,1,1,1,0,1
208,0,0,0,1,0,1,-1,1,0,0,0,0,0,0,1,1,1,0,-1,0,1
209,1,1,1,-1,-1,0,0,1,-1,1,0,0,-1,1,0,-1,-1,-1,-1,0,1
210,0,1,-1,1,0,-1,-1,-1,0,0,-1,0,0,0,1,-1,0,0,1,0,0
211,0,0,1,1,0,-1,-1,0,-1,1,1,0,-1,0,0,1,1,1,1,0,0
212,0,-1,1,-1,1,0,-1,0,1,-1,0,1,0,1,1,0,1,0,1,0,1
213,1,1,0,-1,1,0,-1,0,0,-1,1,-1,1,-1,0,-1,1,0,0,0,1
214,0,-1,0,0,0,0,0,-1,0,0,0,0,-1,0,0,1,0,1,0,0,0
215,0,0,-1,1,1,-1,-1,0,0,0,-1,-1,0,-1,-1,0,0,0,1,1,0
216,0,1,1,1,0,1,-1,0,1,0,0,0,1,-1,-1,0,0,1,0,0,0
217,-1,-1,-1,-1,1,1,0,1,1,0,0,1,1,-1,1,1,-1,-1,0,1,1
218,-1,0,0,1,1,1,-1,-1,0,-1,0,1,0,-1,1,-1,1,0,0,0,0
219,-1,0,0,0,-1,1,1,0,1,0,-1,1,0,1,0,1,0,1,1,-1,0
220,1,-1,0,0,0,0,1,-1,0,-1,1,-1,0,0,0,0,1,0,1,0,0
221,-1,0,0,0,-1,1,1,1,-1,1,1,1,0,0,1,0,-1,0,1,0,0
222,0,0,0,0,0,1,0,-1,0,0,-1,1,1,0,1,1,0,1,1,1,1
223,0,0,1,1,0,0,-1,0,0,-1,0,0,0,1,0,1,-1,0,0,0,0
224,0,1,-1,1,1,0,0,0,0,0,-1,0,0,0,0,0,0,1,-1,0,1
225,0,-1,0,1,-1,1,-1,1,0,-1,-1,-1,1,1,-1,0,0,0,0,1,0
226,1,-1,0,0,0,1,1,0,-1,0,0,-1,0,-1,1,0,1,0,1,0,1
227,0,-1,0,0,0,0,0,-1,0,0,1,0,0,0,0,0,0,1,1,-1,0
228,0,-1,0,0,-1,0,-1,0,-1,0,-1,-1,-1,0,0,0,-1,-1,0,0,1
229,1,0,-1,0,-1,0,0,0,-1,-1,1,-1,0,0,0,0,-1,-1,-1,0,0
230,-1,-1,1,0,0,1,1,1,-1,-1,1,1,0,1,-1,-1,-1,-1,-1,-1,1
231,1,-1,0,0,1,-1,1,-1,0,1,0,-1,1,-1,0,1,-1,0,0,-1,1
232,-1,0,-1,-1,1,1,1,-1,0,0,-1,-1,0,1,0,1,-1,0,-1,1,0
233,-1,0,0,0,-1,-1,0,1,0,1,1,-1,0,1,1,0,-1,1,-1,0,1
234,1,-1,-1,-1,0,1,0,-1,0,-1,0,0,0,0,1,0,0,0,0,0,1
235,1,1,1,0,0,0,-1,0,0,1,0,0,1,0,-1,0,0,1,0,1,1
236,-1,-1,1,0,0,1,1,1,0,0,0,0,-1,-1,0,-1,1,-1,-1,-1,1
237,1,0,1,1,0,-1,0,0,0,1,0,0,-1,0,0,0,1,0,0,1,1
238,-1,-1,0,1,-1,1,-1,1,1,0,1,0,-1,0,0,1,1,0,0,1,1
239,-1,1,-1,0,-1,1,-1,1,0,0,-1,0,1,0,1,0,1,1,0,0,1
240,1,1,0,0,0,1,1,1,0,-1,0,1,-1,-1,0,-1,-1,1,1,-1,0
241,1,1,1,0,0,0,1,0,0,-1,-1,0,0,0,0,0,0,0,1,0,1
242,0,-1,1,0,0,-1,-1,1,0,0,0,0,0,0,-1,-1,0,1,0,0,1
243,0,0,1,0,1,0,0,1,1,1,-1,1,-1,-1,1,0,1,1,0,0,1
244,-1,-1,1,1,-1,0,0,0,1,1,1,0,-1,0,0,1,1,-1,0,-1,0
245,1,-1,-1,-1,1,1,-1,0,-1,1,-1,0,0,0,0,-1,-1,-1,1,-1,0
246,1,-1,-1,1,-1,0,-1,0,0,-1,1,1,0,0,1,0,0,0,0,0,1
247,1,0,-1,-1,1,-1,0,0,0,1,0,1,-1,0,0,-1,1,-1,-1,0,1
248,-1,-1,0,-1,1,1,0,0,1,0,1,1,1,0,-1,1,-1,1,1,0,1
249,1,0,0,1,-1,-1,1,-1,-1,0,0,0,0,0,0,1,-1,1,-1,0,1
250,0,-1,-1,0,1,-1,-1,0,1,0,1,-1,0,0,0,-1,0,0,0,0,0
251,1,0,0,1,1,0,-1,1,1,1,1,0,-1,0,1,0,1,1,-1,0,0
252,-1,0,0,-1,-1,-1,-1,1,-1,-1,0,-1,0,0,1,0,0,0,-1,-1,1
253,0,1,0,1,1,0,0,0,-1,-1,-1,0,-1,0,0,-1,-1,-1,1,0,0
254,0,0,-1,1,-1,0,-1,1,-1,-1,-1,0,-1,1,0,1,0,-1,-1,0,0
255,0,-1,0,0,1,1,0,0,1,1,0,-1,-1,1,1,0,0,1,0,0,1
256,0,-1,0,0,1,0,0,0,-1,1,0,0,0,0,-1,1,0,0,0,1,1
257,0,0,1,-1,-1,1,0,0,1,1,0,0,0,1,0,0,1,0,-1,0,0
258,0,-1,0,-1,-1,1,0,-1,-1,1,0,1,0,1,1,-1,0,0,0,0,0
259,1,0,1,-1,0,-1,0,0,0,-1,0,-1,-1,1,1,1,0,0,0,-1,1
260,1,1,-1,1,0,0,1,0,1,1,1,0,0,-1,0,0,0,1,1,1,1
261,0,-1,0,-1,1,0,1,-1,0,0,0,1,1,-1,0,1,0,1,0,-1,1
262,1,-1,-1,0,-1,1,0,0,-1,1,1,-1,0,-1,0,1,1,0,-1,1,1
263,-1,0,0,0,1,0,0,1,0,1,0,0,0,1,-1,1,0,1,0,0,1
264,-1,0,0,0,0,1,1,0,0,0,0,1,-1,0,-1,-1,1,0,1,1,1
265,0,0,-1,1,-1,0,-1,0,0,0,1,-1,1,1,-1,-1,0,-1,0,0,1
266,0,-1,0,1,-1,0,-1,0,1,1,-1,0,-1,1,0,0,0,1,-1,-1,1
267,1,1,1,1,-1,1,0,0,-1,0,-1,-1,1,-1,0,0,-1,-1,1,1,0
268,0,-1,-1,0,-1,1,1,1,1,0,1,0,0,1,-1,1,-1,1,1,0,0
269,1,-1,0,1,1,-1,1,-1,0,-1,0,0,1,0,0,0,0,1,-1,0,0
270,-1,1,1,1,-1,1,0,1,-1,-1,1,1,1,-1,1,0,0,0,0,0,0
271,0,1,0,1,-1,0,0,-1,-1,0,-1,1,0,-1,-1,-1,1,0,1,0,1
272,-1,0,0,-1,1,-1,0,-1,0,1,-1,1,1,1,0,1,0,1,0,0,1
273,1,0,1,0,1,-1,1,1,1,0,0,1,1,1,-1,1,1,0,0,1,1
274,-1,0,1,1,0,0,-1,-1,1,0,0,1,0,-1,1,0,0,1,0,-1,1
275,-1,1,-1,-1,0,-1,0,-1,0,1,-1,1,1,0,1,0,1,1,0,1,1
276,0,0,1,-1,-1,1,0,-1,1,0,1,1,-1,1,1,0,0,0,1,0,0
277,-1,1,1,-1,1,0,1,1,1,-1,-1,-1,-1,1,1,-1,1,0,0,-1,1
278,-1,1,-1,1,0,1,0,0,1,0,0,1,1,0,-1,1,1,0,0,0,1
279,1,1,0,1,0,0,0,0,0,1,0,1,0,0,0,0,1,0,0,0,1
280,-1,1,1,0,0,0,-1,1,1,0,1,-1,1,1,0,0,1,0,0,0,0
281,-1,-1,-1,1,0,1,-1,0,-1,0,1,0,1,0,0,0,1,-1,1,1,1
282,1,1,-1,1,1,0,0,1,0,0,1,0,1,-1,0,0,0,-1,-1,1,0
283,1,1,1,0,0,0,0,0,0,0,1,-1,1,-1,-1,0,-1,0,0,0,1
284,0,-1,1,-1,0,1,1,1,1,-1,0,1,1,-1,-1,1,1,0,0,1,0
285,0,1,1,0,-1,1,1,1,0,-1,-1,1,-1,1,1,1,-1,-1,1,0,0
286,0,1,-1,1,1,-1,1,1,1,1,1,1,1,-1,0,1,-1,0,0,0,0
287,1,0,1,0,-1,0,-1,1,1,-1,0,1,1,0,-1,0,0,1,-1,0,1
288,1,0,-1,-1,1,1,-1,0,1,-1,0,1,0,0,-1,-1,1,1,1,1,0
289,-1,0,1,-1,0,1,0,1,1,-1,1,1,0,0,1,-1,0,1,0,0,0
290,1,0,0,0,1,0,1,1,1,-1,0,-1,0,0,0,1,-1,1,1,-1,0
291,1,0,0,0,0,1,-1,0,0,-1,0,1,-1,0,1,-1,0,-1,1,1,0
292,0,-1,-1,1,-1,1,-1,1,-1,1,0,0,0,1,1,1,-1,-1,0,-1,1
293,0,0,1,1,0,0,1,1,0,0,0,0,1,-1,-1,1,-1,1,1,0,1
294,1,-1,1,0,0,1,1,0,0,-1,-1,-1,-1,0,0,1,-1,1,1,-1,0
295,1,0,1,0,-1,1,-1,1,1,0,0,1,1,0,0,0,0,1,1,0,1
296,0,1,0,1,1,1,0,0,0,1,0,0,-1,1,0,1,0,1,1,0,1
297,0,0,1,1,1,0,0,0,0,0,-1,0,0,1,1,-1,0,0,1,0,1
298,0,0,-1,-1,-1,1,0,0,-1,0,0,0,0,1,0,0,0,0,-1,1,0
299,1,0,1,-1,1,0,1,-1,0,-1,0,1,0,0,1,-1,1,0,1,-1,1
300,-1,0,0,0,1,-1,1,-1,-1,-1,1,1,0,1,1,0,-1,1,0,0,1
301,0,1,0,0,0,1,0,0,0,1,1,-1,-1,0,-1,0,1,0,1,1,0
302,-1,1,1,0,-1,1,-1,-1,1,-1,-1,-1,1,-1,1,-1,0,0,-1,1,1
303,-1,-1,1,0,0,1,-1,1,1,0,0,-1,1,0,1,-1,0,1,0,1,0
304,1,0,-1,0,0,1,1,0,0,-1,0,0,0,-1,-1,0,1,1,0,0,0
305,-1,0,0,0,1,0,-1,0,1,1,1,-1,0,1,-1,0,0,0,-1,0,1
306,-1,1,0,-1,1,1,-1,0,-1,1,1,1,0,-1,1,1,1,1,1,0,0
307,-1,1,0,1,-1,1,0,-1,1,0,0,0,0,1,0,0,1,0,-1,-1,0
308,1,-1,1,-1,1,0,-1,0,1,-1,0,0,-1,0,0,1,-1,-1,-1,0,1
309,-1,-1,-1,1,1,1,-1,-1,-1,-1,0,-1,1,-1,0,1,1,1,0,1,0
310,0,-1,0,0,-1,0,0,1,0,-1,0,1,1,-1,0,0,0,0,1,-1,1
311,0,0,0,1,0,-1,1,1,0,1,1,1,0,-1,0,0,-1,0,1,1,0
312,1,1,-1,0,0,0,0,-1,0,0,-1,-1,1,0,-1,0,0,-1,0,0,1
313,1,-1,0,-1,0,1,0,-1,0,0,1,-1,1,0,-1,0,-1,-1,0,1,0
314,0,0,0,-1,0,0,-1,0,0,1,1,0,0,0,-1,0,0,-1,1,1,1
315,0,0,0,-1,0,0,0,0,0,0,-1,0,0,-1,-1,0,-1,0,1,1,1
316,0,-1,1,-1,1,0,1,1,-1,1,1,1,1,0,1,0,-1,1,-1,-1,1
317,1,0,1,1,0,0,0,1,0,-1,0,0,1,0,1,0,-1,-1,-1,0,1
318,0,-1,1,0,1,1,0,1,1,0,-1,-1,0,0,1,1,1,-1,0,-1,1
319,0,1,1,1,1,0,1,-1,1,-1,-1,0,-1,1,0,1,1,0,0,-1,1
320,0,0,1,0,1,-1,-1,0,0,0,1,-1,1,0,-1,-1,0,1,0,1,0
321,1,1,1,0,1,1,0,-1,0,-1,-1,-1,-1,1,1,1,1,0,0,1,1
322,0,-1,-1,1,0,0,1,1,-1,0,1,1,1,0,1,-1,-1,1,1,1,1
323,0,0,0,1,1,-1,1,0,0,-1,0,-1,1,0,0,1,1,-1,1,1,1
324,0,0,1,0,-1,1,0,0,0,0,0,-1,0,0,-1,-1,0,0,1,-1,0
325,-1,-1,-1,1,0,1,-1,0,0,1,0,0,0,0,0,-1,1,0,-1,-1,0
326,-1,0,0,-1,-1,0,1,0,0,0,-1,1,-1,0,1,0,0,0,0,-1,0
327,1,-1,0,0,0,0,-1,1,-1,0,-1,0,-1,0,0,1,-1,-1,-1,-1,1
328,0,1,0,0,1,0,1,0,-1,0,-1,-1,1,0,0,1,0,1,0,0,0
329,-1,1,0,1,0,1,0,-1,0,-1,1,1,1,0,0,1,0,0,0,-1,1
330,-1,-1,1,1,1,-1,1,0,0,1,1,1,1,0,-1,0,0,1,0,0,0
331,1,0,-1,-1,0,1,1,-1,0,-1,0,-1,0,0,1,1,0,1,-1,-1,1
332,1,1,1,1,-1,0,-1,-1,-1,0,1,1,0,1,0,-1,0,1,0,-1,1
333,-1,1,0,0,1,0,0,-1,0,-1,0,0,1,1,0,-1,-1,1,1,1,0
334,-1,1,-1,1,1,0,0,-1,0,1,0,-1,1,-1,-1,0,0,1,-1,0,0
335,0,1,-1,-1,-1,1,0,1,0,0,0,-1,-1,0,0,0,0,1,-1,0,1
336,0,-1,1,1,-1,-1,1,0,0,0,1,0,0,1,1,1,-1,1,-1,0,1
337,1,1,1,0,0,1,0,0,1,-1,1,1,1,0,0,0,1,0,1,0,0
338,-1,1,1,0,1,0,0,1,1,-1,1,0,1,0,0,0,0,0,1,1,1
339,1,-1,-1,-1,1,0,1,1,1,-1,1,-1,0,0,1,-1,0,0,1,0,1
340,-1,0,0,0,0,1,1,-1,1,1,-1,-1,1,-1,-1,0,-1,0,0,0,1
341,0,0,1,0,1,1,1,1,-1,1,0,0,0,-1,1,0,-1,-1,-1,0,1
342,0,0,1,0,-1,0,1,-1,-1,0,0,0,1,1,-1,1,-1,0,0,0,0
343,0,0,1,1,1,-1,1,-1,1,-1,1,-1,1,-1,0,-1,0,-1,0,0,0
344,-1,0,-1,0,1,0,-1,1,-1,1,1,1,1,0,-1,0,-1,1,-1,0,0
345,0,1,1,-1,0,1,0,1,-1,-1,-1,0,-1,0,0,0,1,-1,0,0,1
346,1,0,1,1,0,0,1,-1,0,0,1,0,-1,0,-1,1,0,0,0,0,1
347,0,0,0,1,1,-1,1,0,1,0,1,0,0,1,-1,0,1,-1,1,0,1
348,0,1,0,-1,0,-1,1,1,1,0,1,0,0,1,0,0,0,0,1,0,1
349,-1,1,0,-1,0,-1,0,1,1,1,0,0,-1,-1,-1,-1,0,0,1,0,1
350,1,1,0,-1,1,1,1,-1,0,0,1,0,1,-1,-1,1,-1,1,-1,1,1
351,1,0,0,0,0,-1,-1,-1,-1,0,-1,0,-1,1,-1,1,-1,0,0,0,0
352,0,-1,-1,0,-1,1,1,1,0,0,-1,-1,1,1,0,-1,1,1,-1,0,1
353,1,-1,0,-1,-1,0,-1,-1,1,0,-1,0,-1,-1,1,1,0,-1,0,1,0
354,1,1,-1,1,0,-1,1,-1,-1,-1,-1,0,1,1,-1,-1,0,-1,1,1,1
355,1,1,-1,0,0,0,0,0,0,-1,0,1,-1,-1,-1,0,1,0,0,0,0
356,-1,1,1,1,-1,0,1,0,1,1,0,1,1,1,1,0,0,0,0,0,1
357,1,0,1,1,1,-1,0,1,0,1,0,-1,0,1,1,1,-1,1,1,1,1
358,-1,0,-1,1,1,0,0,1,0,-1,0,0,1,0,-1,1,-1,0,-1,0,1
359,1,-1,1,1,-1,-1,-1,1,0,0,1,-1,-1,-1,0,-1,-1,0,-1,1,1
360,-1,0,0,0,1,0,-1,-1,1,1,1,1,0,1,0,-1,1,1,0,0,0
361,-1,1,1,1,-1,0,0,0,1,0,0,1,0,0,1,0,1,-1,1,1,1
362,-1,-1,0,-1,1,1,1,1,0,1,-1,0,-1,0,0,0,-1,1,0,0,1
363,0,0,1,-1,0,1,0,0,0,0,0,1,-1,0,0,-1,-1,1,0,-1,0
364,1,0,-1,0,0,0,0,0,1,-1,0,-1,1,0,0,1,-1,0,0,0,1
365,1,1,-1,0,1,0,0,1,1,1,0,0,1,-1,1,0,1,-1,1,1,0
366,1,1,0,0,0,1,0,1,1,0,-1,1,1,1,0,-1,0,0,-1,0,0
367,1,-1,1,0,-1,1,1,0,0,1,-1,1,1,-1,0,0,1,-1,0,0,0
368,0,0,-1,0,-1,-1,1,1,-1,1,1,-1,-1,0,-1,0,-1,-1,0,-1,1
369,1,1,0,0,1,-1,0,0,-1,1,0,0,-1,1,0,0,0,0,1,-1,0
370,1,0,0,-1,-1,0,1,1,1,0,1,0,-1,0,0,0,0,1,0,0,1
371,-1,-1,0,0,1,0,1,0,-1,1,-1,0,1,-1,1,-1,1,-1,1,1,0
372,-1,0,1,-1,1,-1,-1,1,-1,0,-1,1,1,1,0,-1,-1,0,0,0,0
373,0,0,-1,1,0,0,0,1,1,1,1,0,-1,0,0,1,-1,1,1,-1,1
374,1,1,1,0,0,0,0,-1,0,-1,0,1,1,-1,0,0,-1,0,0,1,1
375,1,1,-1,0,0,0,0,1,0,-1,0,-1,1,-1,1,1,0,-1,1,1,0
376,1,-1,0,1,1,0,0,-1,1,1,1,-1,-1,1,0,0,1,0,0,0,0
377,1,1,-1,1,-1,0,0,0,0,1,1,0,0,1,0,0,0,1,-1,-1,1
378,-1,1,1,1,0,1,1,1,0,1,-1,0,-1,1,0,-1,0,0,0,1,0
379,0,-1,-1,-1,-1,-1,0,1,1,0,1,-1,1,0,-1,-1,-1,-1,0,-1,1
380,0,0,1,-1,-1,0,0,0,1,0,1,-1,0,0,0,1,1,-1,-1,0,0
381,1,1,0,1,0,1,-1,0,1,1,0,0,1,-1,0,1,-1,0,0,0,1
382,-1,1,1,1,0,0,-1,0,-1,1,1,0,-1,1,0,1,-1,-1,1,1,0
383,-1,-1,0,-1,0,-1,1,-1,0,-1,0,-1,0,0,0,0,-1,1,0,-1,1
384,0,1,-1,1,1,-1,0,-1,0,-1,-1,-1,0,0,0,0,0,1,1,0,1
385,-1,-1,0,0,0,1,-1,1,1,-1,0,1,1,0,0,1,0,1,0,0,1
386,0,1,-1,0,0,-1,0,0,1,0,0,0,-1,0,1,-1,0,0,-1,0,1
387,1,-1,1,0,1,0,-1,1,1,0,0,0,0,-1,1,-1,0,-1,0,1,0
388,-1,-1,-1,1,0,-1,1,0,1,-1,0,-1,1,1,1,1,1,0,0,0,0
389,0,1,0,-1,0,-1,-1,-1,-1,-1,1,0,1,0,0,0,0,1,-1,0,1
390,0,0,0,1,0,-1,-1,0,-1,-1,0,0,-1,0,-1,0,0,0,0,1,0
391,1,-1,0,1,0,1,-1,0,1,0,-1,1,-1,0,1,1,1,0,-1,0,1
392,-1,0,-1,1,0,-1,0,-1,-1,-1,1,0,0,0,-1,0,-1,-1,1,0,1
393,1,1,-1,0,-1,1,1,-1,0,-1,-1,0,-1,-1,0,-1,1,0,0,1,1
394,1,-1,1,-1,1,1,0,-1,-1,0,0,0,1,0,0,0,-1,0,0,1,0
395,0,0,0,-1,-1,0,0,-1,0,0,1,0,0,0,0,0,0,0,-1,0,1
396,0,0,0,0,1,0,0,0,1,0,0,1,0,-1,0,1,1,1,0,0,1
397,0,1,-1,-1,0,-1,0,-1,0,1,1,1,0,0,1,0,1,-1,0,1,0
398,1,1,1,1,1,-1,1,-1,-1,-1,0,1,-1,0,0,1,1,0,0,0,1
399,1,0,1,-1,0,1,0,0,1,0,0,1,-1,0,-1,1,1,0,0,0,1
400,-1,0,-1,0,0,0,0,0,0,0,1,1,1,1,0,0,-1,0,1,-1,1
401,0,1,0,0,1,1,1,1,1,-1,-1,1,1,-1,-1,0,0,1,0,0,1
402,1,1,0,-1,-1,-1,0,0,1,-1,0,1,0,-1,1,0,0,-1,-1,0,1
403,1,0,-1,0,1,0,-1,-1,0,0,1,-1,1,1,1,0,1,0,-1,1,1
404,1,1,0,1,-1,0,0,-1,0,0,0,0,0,0,1,1,0,1,1,1,1
405,-1,0,1,1,1,1,0,0,-1,0,1,0,0,0,0,-1,0,0,1,0,1
406,-1,0,1,-1,0,0,1,-1,0,1,1,-1,-1,-1,0,-1,-1,1,1,-1,0
407,1,1,1,1,0,1,0,-1,0,1,-1,0,1,1,1,0,-1,-1,1,1,1
408,1,0,1,0,1,0,1,-1,-1,-1,0,-1,0,0,-1,0,0,0,0,1,1
409,-1,-1,-1,1,0,1,0,1,0,0,0,-1,1,0,1,0,0,1,1,0,0
410,1,0,-1,1,0,-1,1,0,-1,0,0,0,-1,0,0,-1,1,1,0,0,1
411,0,1,1,-1,1,0,1,-1,1,-1,0,0,-1,-1,1,0,0,0,1,0,1
412,1,1,0,1,0,0,-1,-1,1,-1,0,0,1,0,0,0,0,0,-1,-1,1
413,0,1,-1,1,1,-1,0,1,0,-1,0,0,1,-1,0,1,0,0,1,0,1
414,1,0,1,1,-1,-1,1,0,0,0,-1,0,1,0,0,0,0,0,1,0,0
415,-1,-1,1,0,1,1,1,0,1,0,1,-1,0,0,0,1,-1,-1,-1,0,1
416,0,0,0,0,0,1,0,1,0,0,0,1,1,1,1,0,0,-1,0,0,1
417,-1,0,1,-1,1,0,-1,0,0,1,-1,0,0,1,-1,1,0,0,-1,0,0
418,1,0,-1,0,1,-1,-1,-1,-1,-1,0,1,0,0,0,-1,1,-1,0,-1,0
419,0,-1,1,1,-1,1,-1,1,-1,-1,-1,-1,0,-1,0,0,1,1,1,0,1
420,0,0,1,0,0,0,0,0,1,1,1,0,0,1,0,0,1,0,0,1,1
421,1,-1,1,-1,0,-1,0,0,0,1,0,1,0,1,0,-1,-1,0,1,-1,1
422,-1,0,1,0,1,-1,1,1,-1,-1,-1,1,-1,1,1,0,1,0,0,0,1
423,1,0,1,1,0,1,0,0,0,-1,0,0,0,0,-1,-1,-1,1,1,1,1
424,-1,0,1,0,0,1,1,-1,1,0,1,1,1,1,1,0,0,-1,0,0,1
425,0,0,1,-1,0,1,0,1,0,0,1,1,-1,0,0,1,0,1,0,0,0
426,-1,0,1,-1,-1,1,0,0,0,1,-1,1,-1,-1,-1,0,0,1,0,0,1
427,1,0,0,-1,1,1,1,-1,1,-1,-1,-1,-1,-1,0,0,1,0,1,-1,1
428,0,0,-1,0,0,1,1,0,0,0,0,0,0,0,-1,0,0,1,0,1,1
429,0,0,-1,1,1,0,0,-1,1,0,0,0,-1,0,1,0,1,-1,-1,-1,1
430,-1,1,0,0,1,1,0,1,0,-1,0,1,0,0,-1,0,0,0,0,1,1
431,0,0,0,0,0,-1,1,0,0,1,1,0,0,-1,0,0,0,0,-1,0,1
432,0,0,0,1,-1,1,-1,0,-1,-1,0,0,1,0,-1,1,0,-1,1,0,0
433,0,-1,0,-1,0,1,0,1,0,-1,-1,1,0,1,0,-1,0,-1,0,0,1
434,0,0,-1,-1,-1,1,-1,-1,-1,0,0,0,-1,0,0,0,0,-1,0,1,1
435,1,0,1,0,0,0,0,0,1,-1,-1,1,-1,0,0,-1,-1,-1,0,0,0
436,0,1,1,-1,1,0,0,1,0,-1,0,1,0,1,0,1,1,1,1,-1,1
437,0,1,0,1,-1,-1,0,0,-1,-1,0,0,1,1,-1,1,1,0,1,0,0
438,-1,-1,1,-1,1,1,0,0,1,0,1,0,0,-1,-1,-1,1,0,0,-1,0
439,-1,1,0,0,0,1,0,0,1,1,0,-1,1,0,1,0,-1,0,1,1,0
440,-1,1,0,0,1,0,1,1,0,1,1,-1,0,1,0,0,1,1,0,1,0
441,1,0,1,1,0,0,-1,0,0,0,-1,1,0,1,0,-1,-1,0,0,1,1
442,-1,-1,0,0,1,-1,-1,0,-1,-1,1,-1,0,1,-1,-1,-1,0,0,0,0
443,-1,1,0,1,-1,-1,1,1,1,-1,1,1,1,-1,-1,0,0,1,1,0,1
444,0,1,1,-1,0,0,0,0,0,0,1,1,0,0,-1,1,-1,-1,-1,0,0
445,0,0,1,-1,1,1,0,1,1,-1,-1,0,0,0,1,0,1,1,0,-1,0
446,0,0,-1,1,1,1,0,1,0,1,-1,1,1,1,0,0,-1,1,-1,1,1
447,1,-1,0,0,1,1,1,0,0,-1,-1,-1,-1,1,0,-1,0,1,-1,1,0
448,0,-1,-1,1,0,0,-1,1,-1,1,0,-1,1,1,0,0,0,0,-1,1,0
449,1,1,0,1,1,0,1,0,0,1,-1,0,1,0,1,1,0,0,1,0,0
450,1,1,0,0,1,-1,1,0,0,-1,1,0,1,-1,1,0,0,0,0,1,1
451,0,0,0,0,-1,-1,0,1,1,1,-1,1,-1,0,1,0,0,0,0,1,0
452,-1,0,-1,1,1,-1,-1,0,0,0,1,-1,1,0,-1,0,0,0,0,-1,0
453,0,1,0,1,1,1,0,0,-1,0,0,1,0,1,0,0,0,1,-1,0,0
454,0,0,0,1,0,0,0,0,-1,0,1,1,0,0,-1,1,1,1,0,0,1
455,0,0,0,0,1,0,0,-1,0,1,0,1,0,-1,1,1,1,0,0,-1,0
456,1,1,1,-1,1,1,0,1,1,1,1,0,1,0,0,0,1,0,-1,0,0
457,1,1,-1,0,0,0,1,-1,-1,0,-1,-1,1,-1,-1,1,1,1,-1,1,1
458,0,1,1,0,-1,-1,0,0,0,1,0,0,0,0,-1,0,1,0,0,1,1
459,1,-1,-1,0,-1,1,0,-1,0,1,0,1,-1,-1,1,1,-1,-1,0,1,0
460,-1,0,1,0,1,1,0,1,1,1,0,0,1,1,-1,1,-1,0,0,-1,0
461,0,-1,0,0,-1,1,0,-1,-1,0,0,0,0,0,0,-1,1,0,-1,-1,1
462,1,1,0,0,-1,1,-1,1,1,0,1,1,0,0,-1,1,1,0,1,1,0
463,-1,-1,-1,1,0,-1,0,-1,1,1,1,1,-1,0,-1,-1,1,0,0,0,1
464,1,0,0,0,0,0,1,0,1,0,0,1,0,1,1,0,-1,-1,0,-1,1
465,-1,1,-1,-1,0,1,1,0,0,0,0,1,1,-1,0,0,-1,-1,-1,0,0
466,-1,-1,0,0,-1,0,-1,1,1,0,-1,0,1,0,-1,0,1,-1,1,1,1
467,1,1,1,-1,0,0,-1,1,1,0,-1,0,0,0,-1,1,-1,-1,1,1,1
468,1,0,0,-1,1,0,1,0,-1,1,-1,0,1,0,0,0,-1,1,1,0,1
469,1,1,-1,1,-1,0,0,1,-1,0,-1,-1,1,-1,0,0,-1,1,-1,1,1
470,0,0,-1,-1,-1,0,-1,1,0,0,0,1,0,1,1,1,0,0,0,1,0
471,-1,0,0,0,1,1,0,-1,1,-1,1,1,-1,1,1,0,1,0,1,0,0
472,0,0,0,1,-1,1,1,-1,-1,-1,-1,1,0,1,1,0,1,0,1,0,1
473,1,0,0,1,1,1,0,1,1,0,0,0,0,0,0,0,0,0,1,-1,0
474,1,1,0,-1,1,-1,0,1,-1,0,1,0,-1,1,-1,-1,0,-1,-1,-1,0
475,-1,1,1,-1,-1,0,0,-1,1,1,0,-1,0,0,-1,0,0,0,1,-1,0
476,1,0,-1,-1,-1,1,0,-1,0,-1,-1,0,1,1,-1,1,1,-1,0,0,0
477,0,-1,1,1,1,-1,1,-1,0,0,0,1,0,-1,-1,0,-1,0,-1,0,0
478,-1,0,1,-1,-1,-1,1,0,1,1,0,0,0,1,1,0,0,0,1,0,0
479,-1,-1,-1,1,0,-1,1,1,-1,-1,1,-1,-1,-1,1,1,0,1,1,-1,0
480,0,1,1,0,1,0,1,0,1,1,0,-1,0,0,-1,0,1,0,-1,1,1
481,1,-1,0,-1,1,1,-1,0,1,0,0,0,0,1,1,1,1,1,0,0,1
482,0,1,-1,0,0,0,0,0,1,1,0,0,1,-1,0,0,-1,1,-1,1,1
483,0,0,1,-1,1,1,-1,1,0,0,1,0,1,0,0,-1,0,0,0,0,1
484,0,-1,-1,-1,0,0,0,0,0,-1,0,1,0,1,-1,1,1,-1,0,-1,1
485,1,0,1,1,0,0,0,1,0,0,-1,1,-1,1,-1,-1,0,-1,0,0,1
486,1,0,-1,-1,1,1,0,0,0,-1,-1,1,-1,1,0,-1,-1,1,1,-1,1
487,1,1,1,0,-1,0,0,1,-1,-1,1,-1,1,1,1,0,1,-1,1,0,0
488,1,0,1,-1,1,-1,0,-1,0,-1,1,1,0,0,1,1,0,1,0,0,0
489,0,1,1,0,1,-1,0,-1,0,1,1,1,0,1,1,0,1,1,-1,-1,1
490,0,0,1,0,0,1,1,1,0,-1,-1,-1,0,0,-1,1,1,0,0,0,1
491,0,1,0,-1,1,0,0,0,-1,-1,0,-1,0,0,0,1,-1,0,0,1,0
492,0,0,0,0,1,1,1,1,0,1,0,-1,0,1,-1,1,0,0,1,0,1
493,1,-1,-1,-1,-1,-1,0,0,1,0,-1,0,0,0,0,1,0,1,1,0,1
494,-1,-1,1,1,0,-1,0,1,1,0,0,0,1,1,1,0,1,1,-1,0,1
495,1,1,0,0,0,0,1,-1,0,0,1,-1,1,0,-1,0,0,0,0,0,1
496,0,0,0,1,0,-1,-1,-1,-1,-1,1,0,0,-1,0,1,-1,-1,0,1,0
497,1,0,-1,0,0,1,0,0,-1,1,0,-1,-1,0,1,0,-1,-1,0,-1,0
498,1,0,-1,0,0,0,0,0,-1,-1,-1,1,-1,-1,-1,1,1,0,1,1,0
499,0,1,1,0,1,1,0,-1,0,0,-1,-1,0,0,0,1,0,1,0,0,1
500,1,-1,0,0,0,-1,0,0,-1,1,0,0,0,0,0,-1,0,-1,1,1,0
501,0,0,-1,1,1,-1,0,-1,0,0,1,-1,1,0,0,-1,0,1,0,0,1
502,1,0,1,0,0,0,0,0,1,0,0,1,-1,1,0,-1,0,0,1,-1,0
503,0,0,0,1,0,-1,0,0,0,-1,1,1,0,0,-1,0,1,-1,-1,0,0
504,1,1,0,0,0,0,-1,-1,1,-1,-1,0,0,-1,0,0,-1,-1,-1,1,1
505,1,1,-1,0,0,1,-1,0,-1,0,0,0,-1,1,0,0,-1,0,1,0,0
506,1,0,-1,1,0,0,1,0,1,1,-1,0,0,0,0,0,0,0,0,0,0
507,0,-1,1,1,0,-1,-1,1,1,1,0,-1,1,1,0,0,0,0,1,1,0
508,-1,1,0,-1,1,1,-1,0,0,0,0,0,1,-1,1,1,1,0,-1,0,0
509,0,1,1,1,0,0,0,0,-1,0,-1,0,0,-1,0,0,1,-1,0,0,0
510,1,-1,1,1,-1,0,0,-1,0,1,1,0,0,1,0,-1,0,-1,1,1,1
511,1,-1,0,-1,-1,1,1,0,0,1,0,0,0,0,0,-1,0,0,0,1,1
512,0,1,0,0,0,0,-1,-1,0,0,0,-1,1,0,-1,-1,-1,1,0,0,0
513,0,0,1,-1,0,0,-1,0,0,0,1,1,0,1,1,0,1,0,1,0,0
514,-1,0,-1,-1,-1,0,-1,0,0,1,0,1,0,0,0,-1,-1,1,1,1,0
515,-1,-1,0,0,-1,-1,0,-1,-1,1,-1,-1,-1,-1,1,-1,0,0,-1,0,0
516,0,0,-1,-1,0,0,0,-1,-1,1,0,0,-1,0,0,-1,-1,-1,1,1,1
517,-1,0,1,-1,0,1,1,0,0,0,1,0,1,0,-1,0,0,0,-1,-1,0
518,1,1,-1,1,1,1,0,-1,-1,1,-1,-1,0,0,0,0,-1,-1,1,-1,1
519,0,0,1,1,0,0,0,1,1,1,-1,-1,1,1,0,1,-1,-1,0,0,0
520,-1,0,0,1,0,0,1,0,1,0,1,-1,-1,0,0,-1,0,1,0,0,1
521,0,0,1,-1,-1,1,0,-1,1,1,-1,1,1,1,0,1,1,0,1,-1,1
522,1,0,1,0,-1,0,0,1,1,0,1,1,0,0,1,0,1,0,1,1,1
523,0,0,1,-1,-1,1,-1,0,1,0,0,0,-1,1,0,0,0,0,-1,-1,1
524,1,1,0,1,0,0,-1,0,-1,0,0,1,-1,-1,1,-1,1,-1,0,-1,0
525,1,0,0,0,-1,-1,0,0,-1,0,1,-1,1,1,0,-1,-1,0,1,-1,1
526,1,0,0,0,-1,0,0,-1,1,-1,1,-1,0,0,0,-1,-1,1,0,0,1
527,-1,0,0,1,0,0,1,0,-1,0,0,-1,1,0,1,1,0,0,1,1,1
528,0,1,0,0,1,0,0,-1,0,0,-1,1,-1,0,0,1,0,0,1,0,1
529,1,-1,-1,1,0,1,0,1,-1,1,1,0,1,0,1,0,0,0,1,1,0
530,1,0,1,1,1,0,-1,0,0,0,-1,0,0,0,-1,-1,0,-1,0,1,1
531,1,0,0,0,1,0,1,1,-1,1,-1,-1,0,-1,1,1,-1,0,-1,0,1
532,1,0,1,1,0,-1,1,1,1,-1,1,1,0,0,0,0,0,0,0,0,1
533,1,0,0,1,-1,0,0,0,0,1,1,-1,-1,1,1,0,0,1,0,0,1
534,1,0,0,0,1,1,1,-1,-1,0,0,0,1,1,0,1,1,-1,0,0,1
535,1,0,0,0,0,1,0,0,-1,-1,0,-1,0,1,0,1,-1,0,0,0,0
536,-1,-1,1,1,1,1,1,0,1,0,-1,0,1,1,-1,1,1,0,1,0,0
537,0,1,-1,-1,0,0,1,0,-1,1,0,0,0,-1,0,-1,-1,1,1,-1,1
538,0,0,-1,1,1,0,0,1,-1,0,1,1,1,0,-1,1,0,0,0,0,0
539,0,-1,1,1,1,0,0,0,1,-1,1,1,1,-1,1,0,-1,1,0,0,1
540,0,0,0,1,1,0,1,0,-1,0,1,1,0,-1,-1,0,0,0,0,1,0
541,-1,0,0,1,1,1,0,0,0,1,-1,1,-1,0,-1,0,-1,1,-1,0,0
542,1,1,0,-1,0,0,0,0,-1,1,0,0,1,-1,0,1,0,-1,1,-1,1
543,-1,-1,0,0,-1,0,-1,-1,1,0,-1,1,0,1,-1,1,1,0,0,0,0
544,0,-1,-1,1,0,-1,1,0,0,0,0,-1,0,1,1,-1,0,0,0,1,1
545,0,1,1,1,-1,0,1,1,0,0,1,1,0,0,0,1,-1,0,0,1,1
546,0,1,-1,1,1,-1,1,-1,0,0,1,0,1,-1,-1,-1,0,0,0,0,0
547,-1,0,-1,1,-1,-1,-1,1,0,1,1,0,-1,-1,1,0,-1,-1,1,0,1
548,0,1,0,0,1,1,1,1,1,0,-1,1,0,0,1,-1,-1,-1,0,0,1
549,-1,-1,-1,0,-1,1,0,1,0,0,1,1,0,-1,-1,0,1,1,1,0,1
550,1,-1,1,-1,1,0,0,-1,-1,1,-1,1,1,-1,0,0,0,0,1,-1,1
551,1,1,0,1,-1,1,1,1,1,0,1,1,0,0,-1,-1,0,0,-1,1,0
552,0,0,0,1,-1,1,-1,1,1,1,1,1,0,-1,1,0,1,1,-1,1,0
553,0,0,0,-1,1,-1,0,1,-1,1,1,1,-1,1,0,0,1,0,0,0,1
554,1,-1,0,-1,0,1,-1,1,-1,-1,0,1,-1,0,-1,0,0,0,0,0,0
555,1,1,1,1,1,0,1,1,-1,1,-1,0,0,-1,1,0,0,0,-1,1,1
556,1,-1,1,0,-1,0,0,0,1,1,1,1,1,1,0,0,1,1,1,0,1
557,0,0,-1,1,0,1,-1,-1,-1,0,-1,0,1,0,0,0,-1,1,0,1,0
558,0,0,0,-1,0,-1,0,0,-1,-1,0,1,1,1,-1,1,1,0,0,-1,1
559,1,0,1,0,0,-1,1,-1,0,-1,-1,0,1,0,0,-1,-1,1,1,0,1
560,1,0,0,1,-1,0,1,-1,1,0,0,-1,-1,1,0,0,0,-1,-1,-1,0
561,0,0,-1,-1,0,0,-1,1,0,-1,-1,-1,-1,0,-1,-1,0,0,-1,-1,0
562,-1,-1,-1,0,-1,0,1,1,0,-1,0,1,-1,1,1,0,0,1,0,0,1
563,1,-1,1,-1,1,1,0,1,0,0,0,0,0,-1,0,-1,-1,0,0,0,1
564,0,-1,1,-1,1,0,-1,-1,-1,0,-1,0,0,0,1,0,1,0,-1,0,1
565,0,1,0,-1,1,0,0,1,0,0,-1,-1,1,-1,0,0,-1,0,1,1,1
566,1,1,-1,1,-1,0,0,1,0,0,1,-1,0,-1,-1,0,1,-1,1,-1,1
567,1,1,1,-1,0,0,0,0,0,0,0,-1,0,1,-1,0,-1,0,-1,1,1
568,1,0,1,-1,0,-1,1,-1,-1,1,0,-1,0,0,-1,-1,1,1,0,-1,0
569,-1,0,0,1,1,1,1,-1,0,-1,0,0,1,-1,1,0,0,0,1,-1,0
570,1,-1,0,-1,1,1,-1,1,0,0,0,1,1,-1,0,1,0,1,1,1,1
571,1,-1,0,1,-1,0,0,1,0,-1,0,1,0,0,1,0,1,0,1,0,0
572,1,-1,0,1,-1,0,-1,0,-1,0,0,-1,1,0,0,0,0,-1,1,0,0
573,0,1,0,1,1,1,0,1,0,0,0,0,0,0,-1,1,0,-1,1,0,1
574,-1,1,-1,0,0,-1,1,0,0,-1,-1,1,0,-1,0,-1,1,0,0,-1,0
575,1,1,0,-1,1,-1,1,0,-1,0,1,0,0,-1,-1,0,-1,1,1,0,0
576,0,-1,-1,1,1,-1,-1,0,0,-1,1,1,0,-1,0,0,0,1,1,1,1
577,0,1,1,1,1,-1,-1,1,0,-1,0,0,0,0,-1,1,0,1,-1,0,1
578,-1,0,1,0,-1,-1,-1,0,0,-1,1,1,0,0,-1,0,1,0,-1,0,0
579,0,0,0,0,0,-1,0,0,-1,0,1,0,0,-1,-1,-1,0,1,-1,-1,0
580,-1,0,-1,1,-1,0,1,1,0,1,1,-1,1,0,0,1,0,1,1,-1,1
581,-1,1,0,-1,1,0,0,1,0,-1,1,0,1,1,-1,0,-1,1,-1,-1,0
582,0,0,0,1,-1,0,1,0,0,1,-1,-1,-1,1,0,0,-1,0,0,-1,0
583,1,1,-1,0,0,1,1,1,0,1,-1,0,-1,1,0,0,1,0,0,0,0
584,1,0,0,0,0,-1,0,0,0,-1,-1,1,0,1,0,1,1,0,0,0,1
585,1,-1,-1,1,-1,0,0,1,-1,0,0,0,1,0,1,-1,0,0,1,1,1
586,0,1,-1,-1,-1,1,0,1,1,1,0,1,0,1,0,-1,1,0,1,-1,1
587,1,1,-1,-1,0,1,-1,1,-1,1,1,1,0,0,0,0,-1,0,-1,0,0
588,1,-1,0,0,-1,-1,-1,-1,-1,1,1,0,-1,-1,0,0,1,1,1,-1,0
589,0,-1,0,-1,0,0,1,-1,0,0,-1,1,0,1,1,1,0,0,1,1,1
590,-1,1,0,-1,1,-1,1,0,0,1,0,1,1,1,-1,0,0,0,-1,0,0
591,0,0,0,0,-1,0,0,0,-1,0,0,0,0,0,-1,0,0,-1,0,0,1
592,0,0,0,1,1,-1,1,-1,-1,-1,0,0,0,0,1,0,0,-1,1,0,1
593,-1,0,0,-1,-1,0,1,0,1,0,0,1,0,0,0,0,-1,0,1,0,1
594,-1,0,1,0,0,0,0,0,0,0,0,1,-1,1,0,1,0,0,1,-1,0
595,-1,-1,0,1,1,1,0,0,-1,1,-1,-1,0,0,-1,0,0,0,-1,1,1
596,0,1,0,-1,0,0,0,-1,0,-1,0,-1,-1,-1,-1,-1,0,-1,0,0,0
597,-1,0,1,0,0,-1,-1,0,1,-1,0,1,1,1,-1,1,0,-1,-1,-1,0
598,0,1,-1,1,1,0,0,0,1,0,1,-1,0,0,0,1,1,0,0,0,1
599,-1,-1,1,0,0,-1,0,0,-1,0,1,1,-1,0,0,0,0,0,0,0,1
600,1,0,0,0,0,0,0,-1,0,1,1,0,0,-1,1,-1,0,1,-1,1,1
601,1,-1,-1,1,1,1,-1,1,0,1,0,1,0,-1,1,0,1,0,-1,0,0
602,1,0,1,1,0,0,-1,1,0,-1,0,1,0,-1,0,0,1,-1,0,1,1
603,-1,0,-1,1,0,0,1,1,1,-1,1,0,1,1,1,-1,0,1,1,-1,1
604,-1,0,0,0,0,1,-1,1,1,0,1,1,0,0,1,-1,-1,-1,0,1,0
605,0,0,-1,1,1,1,1,1,1,1,0,-1,1,-1,0,1,1,1,0,0,1
606,0,1,0,1,1,0,0,-1,1,1,1,0,1,-1,0,-1,1,1,0,-1,1
607,0,1,0,1,0,1,1,1,1,-1,-1,1,-1,-1,0,0,0,-1,0,1,1
608,1,-1,0,0,-1,1,1,1,0,1,-1,1,-1,1,1,0,-1,0,1,0,1
609,1,0,-1,0,1,-1,0,0,-1,0,1,-1,0,-1,-1,1,-1,0,0,1,0
610,0,1,-1,-1,1,0,1,1,1,1,0,1,1,1,0,-1,0,0,1,1,0
611,1,1,1,0,-1,1,0,0,0,1,-1,1,1,1,1,1,0,1,1,0,0
612,0,0,0,0,0,0,1,1,-1,0,0,1,0,0,0,1,1,1,0,-1,1
613,-1,0,0,0,0,0,1,1,0,-1,-1,0,1,0,0,1,0,0,-1,0,1
614,1,0,-1,1,1,0,1,1,0,0,0,0,0,0,1,-1,0,0,1,0,0
615,0,0,0,0,-1,0,1,0,0,-1,0,0,-1,1,1,1,-1,0,0,1,1
616,0,0,1,1,0,1,-1,0,0,1,1,1,0,1,0,-1,0,0,1,0,1
617,0,1,1,-1,0,-1,0,-1,0,0,-1,0,0,1,1,0,0,1,0,0,0
618,1,-1,1,1,-1,1,0,-1,-1,0,1,0,-1,1,1,0,1,0,0,-1,0
619,1,-1,0,0,1,-1,1,1,0,0,1,-1,0,-1,1,-1,-1,-1,-1,-1,1
620,1,1,-1,0,0,0,1,1,0,1,0,1,-1,0,-1,0,-1,0,0,0,1
621,0,1,1,0,0,-1,-1,-1,0,-1,0,-1,-1,0,1,1,-1,0,0,1,0
622,0,0,1,-1,1,0,0,0,0,-1,1,0,0,0,0,0,1,0,0,0,1
623,-1,0,1,1,0,1,1,1,0,0,-1,0,1,0,-1,1,1,1,0,-1,1
624,0,1,-1,0,0,-1,0,-1,1,0,0,1,0,0,1,0,-1,1,-1,1,0
625,0,0,0,1,-1,0,0,0,0,1,0,0,1,0,0,1,1,-1,0,0,1
626,0,1,0,-1,0,-1,0,0,-1,1,0,1,0,0,1,1,-1,-1,0,-1,1
627,0,1,0,-1,0,1,1,1,1,0,-1,0,1,0,1,-1,1,0,0,-1,1
628,0,0,1,0,0,1,1,1,-1,0,-1,-1,0,1,1,-1,0,0,-1,0,1
629,-1,-1,0,1,1,0,1,0,0,1,0,-1,-1,-1,0,0,1,0,0,1,1
630,1,1,0,-1,0,0,0,-1,-1,0,0,0,0,-1,0,0,-1,0,0,-1,1
631,0,-1,0,0,0,0,1,0,0,1,-1,1,0,0,0,1,1,1,0,-1,1
632,0,-1,0,0,0,0,1,1,-1,0,-1,0,0,1,0,0,0,0,0,0,1
633,0,1,1,-1,0,-1,-1,0,1,1,1,0,1,1,1,-1,0,0,-1,1,0
634,-1,-1,0,1,-1,-1,0,0,-1,-1,0,-1,0,1,1,1,0,-1,0,-1,1
635,0,0,0,1,0,0,-1,0,0,0,1,0,0,1,1,1,0,1,0,1,0
636,0,1,0,1,1,-1,1,0,0,0,0,0,-1,0,0,0,0,0,-1,-1,0
637,0,0,-1,1,-1,0,1,1,0,0,-1,0,0,0,-1,-1,0,0,1,1,1
638,-1,1,-1,1,0,1,-1,1,0,0,1,-1,1,0,-1,-1,0,-1,1,1,1
639,0,-1,0,0,-1,1,0,-1,1,0,0,0,1,0,-1,0,0,-1,-1,1,1
640,1,-1,-1,-1,0,0,1,1,1,1,-1,1,0,1,-1,1,-1,1,1,0,0
641,-1,-1,-1,1,0,0,0,-1,0,0,0,0,0,0,0,0,-1,0,0,0,0
642,0,0,1,0,0,-1,0,-1,0,-1,1,0,0,-1,0,0,0,0,0,0,0
643,0,-1,1,0,0,0,1,0,1,1,0,1,-1,0,0,0,0,-1,0,1,1
644,-1,1,1,1,0,1,0,1,-1,0,1,1,-1,-1,1,0,0,1,1,0,1
645,0,0,1,1,0,0,0,0,1,1,1,1,0,-1,0,-1,0,-1,-1,-1,0
646,-1,0,0,1,0,-1,1,1,1,0,-1,-1,-1,-1,0,1,1,-1,1,1,1
647,1,0,0,-1,0,0,1,0,1,1,1,0,-1,1,-1,1,0,1,0,0,1
648,1,-1,0,1,1,1,-1,1,0,-1,-1,1,-1,-1,0,-1,-1,0,0,0,0
649,-1,1,0,0,1,0,0,1,1,0,0,-1,1,0,0,0,-1,-1,0,0,0
650,1,0,-1,0,-1,1,1,0,0,0,-1,0,-1,0,-1,0,0,1,1,1,1
651,-1,0,1,1,1,0,-1,0,0,1,0,0,1,0,0,0,0,-1,0,1,0
652,1,0,0,1,0,1,0,1,1,0,-1,-1,0,1,0,0,0,0,0,0,0
653,1,1,-1,0,1,1,0,0,1,0,0,1,1,1,1,1,0,-1,0,0,1
654,0,1,1,0,-1,0,0,0,0,0,1,1,0,-1,0,1,0,-1,0,1,0
655,1,-1,1,0,1,0,1,0,1,-1,1,0,1,1,-1,0,0,0,-1,1,0
656,0,1,0,-1,1,1,-1,1,1,-1,-1,1,-1,0,1,0,-1,0,-1,1,0
657,-1,-1,-1,0,1,-1,0,1,-1,-1,0,-1,-1,0,-1,1,0,0,0,0,1
658,0,0,-1,1,-1,1,0,0,0,0,0,0,1,0,0,1,-1,0,-1,-1,1
659,-1,0,0,-1,0,1,-1,-1,-1,0,0,0,1,0,0,-1,0,1,0,1,1
660,1,-1,-1,-1,0,0,1,-1,1,0,-1,-1,1,0,-1,0,0,-1,0,1,0
661,1,0,0,0,0,0,1,0,0,1,-1,1,0,0,1,0,0,0,-1,-1,1
662,0,-1,0,1,-1,0,1,1,1,0,0,0,1,-1,-1,-1,-1,1,0,-1,1
663,-1,-1,-1,1,1,-1,1,1,1,0,0,1,0,-1,-1,0,1,0,0,-1,1
664,-1,-1,-1,0,0,-1,-1,-1,0,1,0,0,-1,1,0,1,0,0,0,0,0
665,0,1,0,0,1,0,0,0,0,0,0,1,-1,-1,0,-1,0,0,1,0,1
666,1,1,0,1,-1,1,0,0,1,-1,1,0,0,0,-1,0,0,-1,0,0,1
667,1,-1,0,1,0,1,1,0,-1,1,1,0,1,0,1,0,0,0,1,0,0
668,0,0,0,1,1,0,0,0,0,1,0,1,0,1,0,0,0,0,0,1,1
669,0,1,1,0,0,0,-1,-1,0,-1,0,1,0,0,0,0,-1,0,-1,1,1
670,-1,0,0,0,1,1,1,1,0,-1,0,-1,1,0,0,0,0,-1,1,1,0
671,0,0,-1,-1,0,-1,0,0,1,1,0,1,0,0,-1,0,-1,1,0,1,1
672,1,0,0,-1,1,0,0,-1,0,0,-1,0,-1,-1,-1,1,1,1,0,1,0
673,1,-1,1,1,0,-1,0,0,-1,0,0,-1,1,0,0,0,1,0,0,0,0
674,0,0,1,1,1,0,0,1,0,0,0,0,-1,1,0,0,0,-1,0,0,1
675,0,0,-1,1,0,1,-1,0,0,1,-1,1,1,0,0,0,-1,0,0,1,0
676,0,1,0,-1,-1,-1,0,-1,-1,-1,0,0,1,1,-1,-1,1,0,0,-1,1
677,0,0,1,1,0,1,-1,-1,1,-1,-1,0,1,0,0,-1,0,0,1,1,1
678,0,1,0,1,0,-1,0,0,-1,1,1,0,-1,0,0,1,-1,1,0,0,1
679,1,1,-1,0,1,1,0,-1,0,1,0,-1,0,0,0,-1,0,0,1,1,0
680,1,-1,-1,0,0,-1,0,0,0,1,0,0,1,-1,0,0,-1,0,1,1,1
681,1,1,-1,-1,0,0,1,-1,1,0,0,0,-1,0,-1,1,0,0,-1,0,1
682,-1,1,0,1,-1,0,0,-1,-1,1,-1,0,0,0,0,0,-1,-1,1,0,1
683,0,-1,-1,0,-1,1,0,0,-1,0,0,0,1,0,0,1,-1,1,-1,0,0
684,1,1,1,-1,1,-1,0,0,-1,-1,1,-1,-1,-1,-1,-1,0,-1,1,1,1
685,1,1,1,0,0,0,0,0,-1,-1,-1,1,0,-1,0,0,0,0,0,-1,1
686,1,0,-1,1,0,0,0,0,-1,0,0,1,0,-1,1,1,1,1,1,-1,1
687,1,0,1,1,1,0,0,0,0,0,1,-1,0,0,-1,-1,-1,1,1,1,1
688,-1,-1,0,0,0,-1,-1,-1,0,1,0,0,0,-1,0,0,0,1,-1,0,0
689,1,1,-1,1,0,-1,1,-1,0,-1,-1,1,0,-1,0,-1,0,0,0,0,1
690,0,-1,0,0,1,0,0,0,-1,0,0,1,0,-1,-1,1,1,-1,1,0,0
691,0,0,0,0,1,-1,0,0,0,0,-1,-1,1,1,0,0,-1,-1,1,-1,0
692,0,0,1,0,0,0,1,-1,0,0,-1,1,-1,0,1,-1,-1,0,1,-1,1
693,-1,1,1,1,0,0,1,1,-1,-1,-1,0,-1,0,0,0,0,0,0,-1,1
694,0,0,0,1,0,0,1,1,1,-1,0,0,-1,0,-1,1,-1,-1,-1,1,1
695,1,0,1,1,0,0,0,1,0,-1,0,-1,1,-1,1,1,0,1,1,-1,0
696,0,-1,1,0,-1,0,1,1,-1,-1,0,0,1,1,0,-1,-1,0,1,0,1
697,0,1,0,0,0,-1,0,0,0,0,0,1,-1,1,-1,-1,1,1,0,0,0
698,0,1,-1,-1,1,0,0,0,-1,0,0,1,-1,-1,0,0,-1,1,-1,-1,0
699,-1,1,0,1,-1,0,0,0,1,1,0,0,0,0,-1,0,0,1,0,0,0
700,1,1,0,1,-1,0,-1,-1,1,-1,0,0,0,1,1,-1,0,1,-1,0,1
701,0,0,1,1,0,1,0,0,1,0,0,1,0,0,1,1,-1,-1,0,-1,1
702,0,0,-1,0,0,0,1,0,1,-1,0,-1,1,0,0,0,0,1,0,0,0
703,0,-1,1,-1,-1,0,0,0,0,0,0,0,-1,1,1,0,-1,1,0,0,0
704,0,1,0,0,1,1,0,-1,1,1,0,0,0,0,0,0,1,0,1,-1,0
705,0,0,1,1,-1,1,0,1,-1,0,-1,0,1,0,-1,-1,0,1,0,0,1
706,-1,1,0,0,1,-1,1,-1,0,1,-1,-1,1,0,0,-1,0,-1,1,0,1
707,1,-1,1,0,0,-1,-1,0,1,0,0,-1,1,0,-1,-1,0,0,1,0,1
708,0,-1,-1,1,-1,1,1,0,1,1,0,0,0,0,-1,0,-1,0,0,0,1
709,0,-1,1,0,-1,1,1,1,0,0,1,1,0,-1,1,1,-1,1,-1,0,0
710,-1,-1,1,0,-1,1,1,0,0,-1,-1,0,1,0,1,-1,1,1,0,1,0
711,0,1,0,0,1,1,-1,-1,1,0,-1,0,-1,0,0,-1,-1,0,0,0,0
712,-1,0,0,0,0,1,1,0,1,1,1,1,1,-1,1,-1,1,1,0,-1,0
713,0,0,1,-1,1,1,0,1,1,1,1,0,1,0,1,0,-1,1,0,0,0
714,1,1,1,0,1,0,-1,1,1,0,1,1,0,0,1,0,0,0,0,-1,0
715,1,0,0,-1,-1,1,1,0,1,0,1,0,0,-1,-1,1,1,0,0,0,1
716,1,0,0,1,0,0,1,0,0,-1,1,1,1,1,-1,0,1,1,0,0,0
717,0,1,0,0,0,0,1,0,1,0,1,1,0,0,0,1,-1,0,0,0,1
718,0,0,0,0,1,1,0,0,1,1,0,-1,0,-1,1,1,1,1,0,-1,1
719,1,1,1,1,-1,1,0,-1,0,1,0,-1,0,1,0,0,-1,0,0,0,0
720,1,0,0,0,0,1,1,-1,1,1,1,0,1,0,0,1,0,0,1,-1,1
721,-1,0,0,-1,-1,0,1,-1,1,1,1,1,0,1,1,1,-1,0,1,1,1
722,-1,0,1,0,0,0,1,-1,-1,1,-1,-1,1,1,0,0,-1,0,0,0,1
723,-1,1,0,0,1,1,-1,1,-1,1,0,0,0,-1,0,-1,1,1,1,0,1
724,-1,1,1,1,0,0,1,0,-1,1,0,0,1,0,0,0,0,1,0,0,0
725,-1,-1,0,0,-1,1,0,0,0,0,-1,-1,1,-1,-1,1,0,1,1,0,0
726,1,0,0,1,0,1,-1,1,1,0,1,1,1,0,1,1,0,0,0,0,0
727,1,-1,1,0,0,1,-1,1,-1,-1,0,1,0,1,1,1,0,1,1,0,1
728,0,0,1,0,1,0,-1,0,1,0,0,-1,1,-1,0,1,0,1,1,1,1
729,0,-1,0,0,1,0,0,-1,0,-1,1,-1,1,-1,0,0,1,1,0,-1,1
730,0,0,0,0,1,0,1,-1,1,1,-1,-1,0,0,0,0,1,0,-1,1,1
731,-1,1,-1,0,-1,-1,0,1,0,0,1,-1,1,0,0,-1,0,0,1,0,1
732,-1,0,1,-1,-1,-1,-1,-1,0,0,-1,1,1,-1,0,0,-1,0,0,0,0
733,1,0,-1,0,0,1,0,0,0,-1,0,0,0,1,0,0,0,1,1,0,1
734,1,-1,1,0,1,1,0,0,-1,0,1,1,1,-1,0,0,1,1,1,-1,1
735,1,0,0,1,0,1,0,0,0,0,0,1,1,-1,0,0,-1,-1,-1,-1,0
736,-1,0,0,1,-1,1,0,1,0,0,1,0,0,0,-1,-1,0,1,0,-1,0
737,0,1,1,0,-1,1,1,1,0,0,-1,1,0,1,-1,0,-1,-1,-1,0,0
738,1,0,1,1,-1,0,1,1,0,-1,0,-1,0,1,1,-1,1,-1,1,0,1
739,-1,-1,0,1,1,0,0,1,1,0,0,0,-1,1,1,0,0,0,0,0,0
740,1,0,-1,1,0,0,0,-1,0,-1,-1,-1,0,0,1,0,-1,1,0,0,1
741,-1,-1,1,-1,0,-1,-1,1,-1,0,0,1,1,-1,-1,-1,-1,1,0,1,0
742,0,-1,1,1,1,1,-1,0,1,0,0,0,1,1,0,0,-1,0,0,0,1
743,-1,1,1,0,1,1,-1,0,1,0,0,-1,-1,1,-1,-1,0,0,-1,1,0
744,1,-1,1,1,0,0,0,-1,1,1,-1,-1,0,0,0,0,-1,1,0,0,1
745,1,0,0,1,0,1,1,0,-1,0,1,0,1,-1,0,-1,1,0,0,1,0
746,0,1,1,-1,-1,1,1,1,0,-1,-1,0,1,0,1,-1,-1,0,1,-1,0
747,1,-1,1,1,1,0,0,1,1,1,-1,1,0,1,-1,1,1,-1,1,1,0
748,0,1,0,1,-1,-1,-1,0,1,0,0,0,1,0,0,1,-1,1,0,-1,0
749,0,1,1,-1,-1,-1,0,-1,0,0,-1,0,-1,0,0,0,0,0,0,0,0
750,0,1,0,-1,0,0,0,0,1,-1,-1,0,0,-1,-1,-1,0,-1,0,1,0
751,-1,1,1,0,0,-1,1,-1,1,-1,-1,0,0,0,-1,-1,-1,0,0,-1,0
752,0,0,1,-1,0,1,0,0,0,0,0,0,0,1,1,0,1,1,-1,0,0
753,0,0,0,0,0,1,0,0,0,-1,0,-1,-1,-1,-1,0,-1,-1,1,0,1
754,1,1,1,1,0,1,-1,-1,-1,0,1,0,1,-1,1,1,0,1,0,0,0
755,-1,1,0,-1,0,0,0,1,1,1,0,1,0,0,0,-1,0,0,1,-1,1
756,1,-1,0,0,-1,0,1,0,0,1,1,0,-1,0,-1,0,-1,0,0,0,0
757,1,0,1,0,0,1,-1,-1,0,-1,0,0,-1,0,-1,0,0,0,0,1,1
758,0,1,0,0,-1,0,-1,0,0,-1,-1,0,1,0,0,0,0,0,1,1,0
759,1,-1,1,0,-1,0,0,-1,-1,1,0,0,0,1,1,1,1,0,-1,1,1
760,1,-1,1,-1,-1,-1,1,1,0,1,0,1,0,0,-1,-1,0,1,0,0,1
761,0,1,0,1,-1,-1,1,0,1,-1,0,0,0,1,0,1,-1,-1,1,0,1
762,1,-1,0,1,0,0,0,-1,-1,0,0,0,0,0,0,1,-1,1,0,0,0
763,1,0,-1,0,-1,0,0,0,-1,0,-1,0,0,1,1,-1,0,1,-1,0,1
764,0,0,0,1,-1,1,0,1,0,1,1,0,1,0,0,0,0,1,1,0,0
765,1,0,0,-1,1,1,-1,0,-1,0,0,1,0,-1,1,0,-1,0,-1,-1,0
766,0,1,0,0,1,0,0,0,0,1,-1,1,0,0,1,-1,-1,-1,1,0,1
767,0,0,-1,0,1,0,1,0,0,0,0,-1,1,0,0,0,1,0,0,1,1
768,1,0,1,-1,0,0,0,-1,1,1,0,1,0,1,1,1,0,-1,0,-1,1
769,1,-1,0,1,0,0,-1,0,0,0,0,0,0,1,1,0,0,1,0,0,0
770,1,0,0,-1,0,-1,0,0,1,1,0,-1,1,0,0,-1,-1,0,1,0,1
771,0,1,-1,-1,-1,0,0,0,0,0,1,0,0,1,1,0,0,1,0,0,1
772,-1,0,0,1,0,0,-1,0,0,0,1,-1,1,0,-1,-1,1,0,-1,-1,1
773,0,1,0,0,0,0,1,0,1,0,1,1,0,0,1,1,-1,0,-1,0,1
774,0,1,0,0,1,1,0,1,-1,1,1,1,-1,0,0,-1,1,1,1,0,0
775,1,1,-1,-1,1,0,-1,0,-1,0,0,0,0,-1,-1,-1,0,0,1,-1,0
776,0,0,-1,-1,1,-1,0,1,-1,-1,1,0,1,0,0,-1,0,0,1,0,0
777,0,0,1,0,-1,-1,1,0,1,-1,-1,1,1,1,0,0,0,1,0,-1,1
778,0,-1,1,0,1,1,-1,0,0,0,0,0,1,0,1,-1,-1,-1,-1,0,0
779,0,1,1,0,-1,-1,-1,-1,0,0,-1,1,1,0,0,-1,1,0,-1,-1,0
780,-1,0,0,0,1,0,0,0,0,0,0,1,0,1,1,0,0,-1,0,1,1
781,0,0,0,0,1,1,1,1,0,1,1,-1,0,-1,0,1,-1,1,0,0,1
782,1,-1,-1,-1,0,-1,-1,0,0,1,1,0,-1,-1,0,1,0,1,0,1,1
783,0,-1,0,-1,1,0,-1,0,1,-1,1,1,-1,0,-1,1,-1,-1,-1,1,1
784,0,1,0,0,0,-1,1,0,-1,-1,0,0,0,0,1,0,0,-1,0,1,1
785,1,1,0,-1,1,1,0,1,-1,-1,0,1,1,-1,1,-1,0,1,0,0,0
786,-1,0,0,0,1,0,1,0,0,0,0,1,0,1,0,0,-1,0,1,0,1
787,0,1,-1,0,-1,1,0,1,0,0,1,1,-1,0,0,-1,0,0,1,1,0
788,-1,-1,0,-1,-1,1,-1,1,-1,-1,1,-1,0,1,1,0,0,-1,0,0,0
789,1,1,-1,0,0,-1,1,1,1,0,1,0,0,0,0,0,0,-1,0,0,1
790,-1,1,0,1,0,1,1,0,0,1,0,0,-1,-1,0,0,-1,0,1,0,1
791,0,0,1,0,0,1,-1,0,0,1,-1,0,0,0,-1,1,0,0,0,0,1
792,0,-1,1,0,0,0,-1,0,0,0,0,0,0,0,0,0,1,-1,0,1,0
793,1,0,0,0,1,1,-1,-1,0,1,0,1,1,0,0,0,0,0,-1,0,1
794,0,1,1,-1,1,1,-1,0,-1,0,1,1,1,-1,1,1,0,1,1,0,0
795,0,0,1,0,0,1,-1,0,1,1,0,-1,0,-1,0,1,0,-1,0,1,0
796,-1,0,1,1,-1,-1,-1,1,-1,0,0,0,0,1,0,0,0,0,0,1,1
797,1,0,1,-1,1,-1,1,1,1,0,1,1,0,0,0,0,1,0,-1,1,1
798,1,-1,0,1,1,0,1,1,0,-1,-1,0,1,-1,0,0,0,0,-1,0,1
799,-1,1,1,1,-1,0,-1,1,1,0,-1,0,0,0,0,1,1,-1,1,1,0
800,1,-1,-1,1,-1,1,1,1,0,0,0,-1,0,-1,-1,0,-1,-1,0,0,1
801,1,0,-1,0,0,1,1,1,0,0,1,0,-1,-1,0,-1,-1,0,-1,0,0
802,-1,0,0,-1,0,-1,0,0,1,0,0,0,0,0,0,0,1,0,0,1,1
803,-1,-1,0,1,0,0,0,0,-1,0,0,1,1,1,1,0,-1,0,-1,0,0
804,0,-1,-1,1,-1,-1,0,0,-1,-1,0,1,0,0,0,-1,1,-1,-1,0,1
805,-1,1,1,0,0,-1,0,0,-1,1,-1,0,-1,0,-1,0,-1,-1,0,0,0
806,0,0,0,0,0,1,-1,0,1,-1,-1,0,0,-1,0,-1,-1,1,0,1,1
807,1,0,-1,-1,-1,0,0,1,0,0,-1,-1,-1,1,1,-1,0,1,1,-1,0
808,0,0,-1,0,1,-1,1,1,1,-1,0,0,1,1,-1,0,0,0,0,1,1
809,1,-1,1,0,-1,-1,0,-1,0,0,1,1,0,-1,-1,0,1,0,0,1,1
810,-1,1,0,1,0,-1,1,1,0,1,1,-1,1,-1,1,0,0,0,0,-1,1
811,-1,0,1,-1,1,1,0,0,0,0,-1,0,1,0,1,0,-1,0,1,0,0
812,-1,-1,1,1,-1,0,1,1,-1,1,-1,0,1,1,1,1,0,-1,1,-1,1
813,0,0,0,0,0,1,-1,1,-1,0,-1,-1,1,0,0,0,1,0,-1,1,1
814,-1,0,0,0,-1,0,0,1,-1,1,1,0,0,0,1,0,0,0,1,-1,1
815,1,1,1,1,0,1,0,0,0,1,1,0,0,1,1,-1,0,-1,0,0,0
816,1,0,0,0,1,0,0,0,1,1,-1,1,1,0,0,0,-1,-1,-1,0,0
817,-1,-1,1,0,0,0,0,0,0,0,0,0,0,0,0,-1,0,-1,0,-1,1
818,0,0,1,1,0,0,-1,-1,1,-1,1,0,0,-1,0,1,0,1,0,-1,1
819,0,0,0,1,-1,0,0,0,0,0,0,0,1,-1,0,1,-1,1,1,1,0
820,1,-1,-1,0,-1,0,-1,0,0,0,1,1,0,-1,-1,0,-1,0,1,0,1
821,1,0,1,0,1,0,1,0,0,-1,0,0,0,-1,0,0,-1,-1,0,-1,1
822,0,-1,1,1,0,0,0,-1,-1,-1,-1,0,0,0,1,0,0,0,1,1,0
823,0,0,0,-1,0,0,-1,1,-1,-1,1,1,1,0,0,0,1,0,0,-1,1
824,1,1,1,0,0,-1,1,0,0,0,-1,1,1,-1,0,-1,0,-1,1,0,1
825,1,0,-1,1,0,1,0,1,-1,-1,-1,1,-1,0,-1,-1,-1,1,1,-1,0
826,0,-1,0,0,1,0,-1,0,1,1,-1,0,0,0,1,1,1,0,-1,-1,1
827,-1,0,1,0,-1,1,1,1,0,0,-1,0,0,-1,0,-1,-1,0,1,-1,0
828,0,-1,0,-1,1,0,0,0,0,0,-1,0,-1,1,1,1,-1,0,0,1,0
829,1,0,1,-1,1,0,-1,-1,0,-1,0,-1,0,1,1,-1,-1,-1,0,0,1
830,0,-1,0,0,1,1,0,0,1,1,1,-1,0,1,1,0,1,-1,-1,1,0
831,1,1,0,-1,0,0,1,-1,0,1,0,0,0,1,0,-1,-1,1,0,0,0
832,0,-1,-1,0,-1,-1,-1,-1,-1,-1,1,0,0,1,1,0,0,0,-1,1,0
833,1,1,1,1,-1,0,0,0,0,1,-1,1,1,1,0,0,0,-1,-1,1,0
834,0,1,0,0,1,1,0,0,1,1,1,1,1,-1,1,-1,1,0,0,1,1
835,-1,1,1,0,0,-1,-1,0,1,0,0,1,-1,-1,0,0,0,0,0,1,1
836,-1,0,0,0,0,1,0,1,1,-1,0,1,1,1,0,1,1,1,0,-1,1
837,0,1,1,-1,-1,1,1,1,1,-1,-1,0,1,1,0,1,-1,0,1,-1,0
838,1,1,-1,1,-1,-1,1,-1,1,-1,-1,-1,1,0,0,0,-1,0,0,-1,0
839,1,0,0,-1,0,0,0,0,1,1,-1,1,1,-1,-1,-1,1,-1,1,0,1
840,0,0,-1,1,0,-1,0,0,1,0,1,0,0,-1,0,1,-1,1,-1,-1,1
841,0,1,1,-1,-1,-1,1,0,-1,1,-1,0,-1,0,0,0,0,1,0,-1,1
842,0,0,-1,0,-1,0,1,0,-1,0,0,-1,0,0,1,-1,1,1,1,1,0
843,0,1,-1,1,0,-1,0,0,1,0,0,1,0,-1,1,-1,-1,1,-1,1,1
844,1,1,0,1,1,1,-1,1,-1,0,0,0,0,1,1,1,0,-1,1,1,0
845,-1,1,1,-1,1,0,0,-1,0,1,1,0,-1,-1,-1,0,0,0,-1,-1,0
846,1,0,-1,1,-1,0,0,-1,0,-1,1,-1,0,1,0,1,-1,1,0,-1,0
847,1,1,-1,-1,1,1,1,0,0,-1,0,0,0,-1,-1,1,1,0,-1,-1,1
848,0,0,1,0,1,0,-1,-1,1,0,-1,0,0,1,0,1,0,1,0,0,0
849,0,1,0,0,1,0,1,0,0,0,0,0,-1,1,0,0,0,0,0,-1,0
850,1,0,0,0,-1,1,0,1,0,0,1,1,1,1,1,-1,0,-1,0,1,1
851,-1,-1,0,1,-1,0,0,-1,0,0,0,-1,-1,-1,1,1,0,0,1,1,1
852,-1,0,0,1,1,-1,0,-1,0,1,1,0,1,0,0,0,0,0,1,1,1
853,1,1,0,1,0,0,1,0,1,0,-1,0,1,1,0,0,0,-1,0,0,1
854,0,-1,-1,0,1,1,0,1,1,0,-1,0,0,0,0,0,0,0,0,-1,0
855,0,0,0,0,1,-1,0,1,-1,-1,-1,-1,1,1,0,1,0,1,-1,0,0
856,0,0,0,1,0,1,0,0,0,1,0,0,0,-1,1,-1,1,0,1,-1,1
857,0,1,0,1,-1,0,1,-1,-1,1,-1,0,1,-1,0,0,-1,-1,0,1,0
858,1,-1,1,-1,0,1,-1,1,1,-1,0,0,1,1,-1,-1,0,0,1,0,1
859,-1,1,0,0,0,0,-1,1,-1,-1,0,-1,1,1,1,0,-1,0,1,1,1
860,0,0,-1,1,1,0,0,0,-1,0,-1,-1,1,1,1,-1,-1,1,-1,-1,0
861,1,0,0,1,1,1,-1,0,0,1,0,0,-1,0,1,0,0,0,0,0,0
862,-1,-1,0,1,-1,1,-1,0,1,0,-1,1,0,0,0,0,-1,0,1,1,1
863,0,1,0,0,1,1,1,1,0,-1,0,-1,1,1,1,0,1,0,0,1,1
864,-1,0,1,0,1,0,-1,0,1,0,0,-1,-1,1,1,0,0,-1,1,1,0
865,1,0,0,1,1,0,1,-1,0,0,0,1,0,0,0,0,1,0,0,0,1
866,-1,1,1,0,0,-1,-1,0,0,1,1,0,-1,0,1,0,1,0,0,0,0
867,1,0,0,0,0,0,-1,0,1,1,1,1,1,-1,1,1,0,0,1,-1,1
868,0,0,1,-1,1,0,-1,0,1,0,0,1,0,1,0,0,-1,1,1,-1,1
869,0,-1,-1,0,0,-1,-1,-1,-1,-1,0,1,0,0,-1,0,0,-1,1,1,1
870,0,0,0,-1,-1,0,0,0,-1,1,0,-1,0,-1,1,1,1,0,1,0,1
871,-1,-1,-1,0,-1,1,1,0,1,1,-1,1,0,-1,-1,0,1,-1,-1,0,0
872,-1,1,1,-1,1,0,-1,-1,-1,1,0,0,-1,1,0,0,0,1,1,-1,0
873,1,-1,0,0,1,-1,0,1,0,-1,-1,0,0,1,0,1,0,1,0,-1,1
874,1,0,0,0,1,1,1,0,0,-1,0,-1,0,-1,0,-1,0,0,0,-1,0
875,0,1,1,0,0,-1,1,0,-1,0,0,0,1,1,0,0,1,1,0,1,0
876,0,-1,1,0,0,-1,0,0,-1,0,-1,1,-1,-1,0,-1,0,0,1,0,0
877,0,1,0,0,1,0,0,1,0,-1,1,1,0,0,0,0,-1,0,1,1,0
878,1,-1,0,1,0,1,1,-1,-1,0,0,-1,1,0,0,1,0,-1,1,0,1
879,0,0,0,-1,1,0,-1,0,0,-1,1,0,0,0,0,1,0,0,-1,1,0
880,0,0,0,-1,-1,0,1,-1,0,0,1,0,1,-1,-1,0,1,1,0,1,1
881,1,-1,-1,1,0,1,1,0,1,1,0,0,0,0,-1,0,0,-1,1,0,0
882,0,0,0,0,0,0,-1,-1,0,-1,-1,-1,-1,0,1,1,0,1,-1,1,1
883,1,1,-1,-1,0,0,0,1,-1,1,1,1,-1,1,0,0,0,0,0,-1,1
884,0,1,0,0,0,1,-1,1,1,-1,1,1,0,0,1,0,0,1,-1,-1,1
885,1,0,0,0,1,1,0,1,0,-1,-1,0,-1,1,0,0,1,0,1,0,0
886,-1,-1,1,1,-1,0,-1,0,-1,0,1,0,-1,0,0,0,1,0,1,1,1
887,0,1,0,-1,0,0,1,1,-1,-1,0,-1,-1,0,-1,-1,1,0,0,0,1
888,0,0,1,1,0,0,1,-1,-1,0,-1,1,0,0,-1,0,0,0,0,0,0
889,0,1,1,-1,-1,-1,-1,0,-1,1,0,1,1,-1,1,1,0,1,0,1,1
890,-1,0,-1,1,0,0,1,0,-1,0,1,-1,0,1,0,-1,-1,0,1,0,1
891,-1,-1,-1,-1,-1,0,1,-1,1,-1,0,1,0,1,1,1,0,0,1,-1,1
892,0,-1,0,-1,-1,-1,-1,-1,0,0,0,0,-1,1,-1,-1,1,-1,-1,-1,0
893,0,1,1,1,0,-1,1,-1,0,1,0,0,0,-1,0,0,0,1,0,0,1
894,0,1,0,0,1,0,0,0,0,-1,0,-1,-1,-1,0,1,1,1,0,1,0
895,1,1,0,1,-1,0,1,0,-1,-1,-1,0,-1,1,1,0,1,0,0,-1,0
896,0,1,1,0,0,0,0,0,0,-1,-1,1,-1,-1,-1,1,1,1,0,0,1
897,0,0,-1,-1,0,0,0,-1,1,-1,1,1,-1,1,0,1,-1,0,-1,-1,0
898,0,-1,1,1,-1,1,-1,-1,-1,-1,-1,0,0,0,1,0,-1,0,-1,1,1
899,1,-1,-1,0,1,1,1,1,1,-1,0,0,0,1,0,1,-1,-1,1,0,0
900,-1,1,-1,1,1,-1,0,0,0,1,1,-1,1,0,-1,1,0,-1,1,1,0
901,-1,1,0,-1,1,0,1,0,1,0,0,0,-1,1,-1,-1,0,-1,0,0,0
902,1,0,1,1,0,0,1,1,1,-1,1,-1,-1,0,0,0,0,1,0,0,1
903,-1,1,0,-1,0,0,0,0,0,1,1,1,-1,-1,0,1,-1,0,0,-1,1
904,0,0,-1,1,1,1,0,1,0,1,-1,1,-1,0,1,0,0,1,0,1,1
905,-1,0,0,0,0,1,0,1,0,0,-1,0,0,-1,0,-1,0,1,1,1,1
906,1,-1,1,-1,-1,1,0,-1,0,0,1,0,-1,0,0,-1,0,0,-1,-1,1
907,-1,-1,-1,0,0,0,-1,0,0,0,0,0,1,1,1,-1,0,1,1,-1,1
908,-1,1,1,0,-1,0,-1,0,1,0,0,1,-1,-1,0,0,0,0,-1,1,1
909,1,1,-1,1,0,-1,1,0,-1,1,0,-1,-1,1,0,-1,1,-1,0,1,0
910,0,-1,-1,0,0,0,0,0,-1,0,-1,-1,1,0,0,1,0,0,-1,0,1
911,1,-1,1,0,0,0,0,0,1,1,1,0,0,0,-1,1,1,-1,1,-1,0
912,0,0,0,1,-1,1,0,0,-1,0,-1,1,1,-1,0,1,0,0,0,-1,0
913,1,-1,-1,1,-1,0,-1,1,-1,1,1,0,0,0,0,1,-1,0,-1,0,0
914,0,0,1,1,0,-1,0,0,0,1,1,0,-1,-1,1,0,-1,1,0,0,1
915,0,0,0,0,1,1,-1,0,1,-1,0,-1,1,0,1,-1,0,0,0,-1,1
916,1,1,1,-1,1,1,0,1,0,-1,0,0,-1,1,1,-1,0,1,0,-1,0
917,-1,1,1,1,1,1,0,-1,1,1,1,0,1,0,0,0,1,0,1,-1,0
918,-1,0,-1,0,0,0,-1,-1,0,0,0,1,0,1,-1,-1,1,0,0,-1,1
919,1,0,1,-1,1,0,-1,0,1,-1,0,0,0,0,0,0,-1,0,1,-1,1
920,-1,1,-1,0,-1,1,1,0,-1,-1,-1,0,1,0,-1,0,0,0,1,-1,1
921,-1,-1,0,1,-1,0,1,-1,-1,0,1,0,1,1,-1,0,1,0,0,0,0
922,-1,-1,0,-1,0,0,-1,1,-1,-1,0,0,1,0,0,-1,-1,1,-1,0,0
923,0,1,0,0,-1,0,0,-1,0,0,1,1,1,0,-1,-1,1,0,0,0,0
924,1,0,-1,1,-1,0,0,-1,0,1,0,0,1,0,-1,-1,-1,1,0,0,0
925,0,0,0,1,0,1,0,1,1,-1,1,1,0,-1,1,1,0,1,0,0,0
926,0,1,-1,0,0,0,1,1,-1,1,0,0,0,1,-1,-1,1,1,1,-1,1
927,-1,1,0,0,0,0,0,1,1,0,-1,1,0,1,-1,1,0,0,1,0,1
928,1,-1,-1,1,1,-1,1,1,1,1,0,0,0,1,0,-1,1,-1,-1,1,0
929,1,0,1,0,-1,0,-1,-1,0,0,0,-1,1,0,0,1,-1,0,-1,-1,1
930,-1,0,0,-1,1,1,-1,0,0,0,0,0,0,1,0,0,1,-1,0,-1,1
931,1,0,0,-1,0,0,0,0,0,1,1,1,-1,0,0,0,-1,0,0,0,0
932,1,0,-1,0,-1,-1,1,1,0,0,1,0,-1,0,1,0,0,0,0,1,0
933,1,1,0,1,0,-1,-1,0,0,0,-1,-1,-1,-1,-1,-1,1,0,0,1,1
934,0,1,-1,1,1,0,1,0,1,0,-1,1,-1,1,1,1,0,0,1,1,0
935,0,-1,1,1,1,0,0,0,1,0,0,1,1,-1,-1,1,1,1,-1,1,1
936,1,0,1,1,0,-1,0,-1,-1,1,1,0,1,0,1,0,1,0,-1,0,1
937,1,1,0,0,0,0,1,0,1,1,1,1,0,1,-1,-1,1,0,-1,-1,1
938,1,1,-1,1,0,0,-1,0,0,0,0,1,0,0,0,1,0,0,1,0,1
939,0,1,1,0,0,1,-1,0,1,1,0,-1,0,1,-1,0,-1,-1,-1,0,0
940,-1,-1,0,0,0,0,-1,1,0,0,1,-1,-1,0,1,0,1,0,-1,-1,1
941,1,0,0,1,0,1,0,-1,0,-1,1,1,0,0,1,0,0,0,0,-1,0
942,-1,1,1,-1,1,-1,1,0,-1,1,0,1,-1,-1,-1,-1,1,-1,0,0,0
943,0,1,1,0,0,1,-1,1,-1,0,1,0,0,1,0,-1,-1,-1,1,0,0
944,0,-1,1,-1,0,0,0,-1,0,0,-1,1,0,0,0,0,0,1,1,0,0
945,1,0,1,0,0,-1,0,1,0,0,0,1,-1,0,1,-1,0,1,0,0,0
946,1,1,1,0,1,1,1,0,-1,0,1,-1,1,0,0,0,-1,0,1,1,0
947,0,-1,0,0,-1,0,1,1,0,1,-1,-1,-1,0,1,0,1,1,0,-1,1
948,0,-1,1,0,1,0,1,-1,-1,-1,-1,-1,-1,0,0,1,-1,1,0,1,0
949,-1,-1,0,1,-1,0,0,0,-1,1,-1,-1,0,0,0,1,0,-1,0,1,0
950,-1,1,0,0,1,-1,0,-1,0,0,0,0,0,0,-1,0,0,-1,1,-1,0
951,1,1,1,-1,0,-1,-1,0,1,-1,0,-1,1,1,0,0,1,0,0,0,0
952,0,0,1,1,1,0,0,-1,0,1,1,0,-1,0,1,1,0,0,1,1,0
953,-1,1,0,0,1,0,-1,1,-1,0,1,1,0,0,0,-1,1,1,1,0,0
954,1,1,-1,1,1,0,0,1,0,0,-1,0,0,1,1,-1,1,1,0,-1,1
955,0,0,0,1,-1,1,1,-1,1,-1,1,0,0,0,0,0,0,1,0,1,0
956,0,1,0,1,0,1,-1,0,0,1,1,-1,0,1,0,0,0,0,-1,0,0
957,0,1,0,1,-1,-1,0,0,-1,1,0,1,-1,1,1,-1,1,1,0,0,1
958,1,0,0,1,1,0,-1,1,1,0,0,-1,1,0,-1,-1,1,0,0,1,0
959,1,1,1,-1,-1,0,0,1,0,0,0,-1,-1,0,0,0,0,-1,1,0,1
960,0,0,1,1,0,1,-1,1,-1,-1,0,-1,-1,0,0,0,-1,-1,-1,0,0
961,-1,1,0,0,0,0,0,-1,0,-1,0,-1,0,0,0,-1,0,0,0,-1,0
962,0,0,1,-1,0,0,-1,-1,1,0,0,1,0,1,0,1,1,1,-1,0,0
963,-1,1,1,0,0,0,0,0,0,0,0,0,-1,1,-1,0,-1,0,1,-1,0
964,0,1,1,1,1,-1,1,-1,1,1,0,1,-1,1,0,0,1,0,-1,1,1
965,0,1,0,-1,0,-1,1,0,1,-1,1,0,-1,0,0,-1,-1,0,1,1,1
966,-1,1,0,1,1,-1,0,-1,1,1,1,-1,0,-1,1,1,1,0,0,-1,1
967,1,1,0,-1,0,-1,0,-1,0,-1,0,1,1,1,1,0,0,0,0,1,1
968,-1,1,0,0,1,1,0,-1,0,1,1,1,1,-1,0,0,0,-1,1,1,0
969,1,-1,1,0,0,0,-1,1,0,0,0,1,0,-1,-1,0,0,0,-1,0,1
970,1,0,1,1,0,1,0,1,0,1,0,0,1,1,1,0,0,1,-1,-1,0
971,1,0,0,-1,0,0,0,0,0,-1,0,-1,1,0,0,0,-1,1,-1,1,1
972,1,1,0,0,0,0,-1,1,1,0,0,0,-1,-1,0,0,-1,0,0,1,1
973,0,1,1,0,-1,1,0,-1,0,0,1,0,0,-1,1,1,0,0,1,0,0
974,1,-1,1,0,0,-1,-1,1,0,1,-1,0,0,0,0,0,-1,1,0,0,1
975,0,0,0,0,1,1,1,0,0,1,0,0,0,0,1,1,0,0,-1,-1,0
976,1,1,0,1,0,-1,-1,1,0,0,1,0,1,0,0,0,-1,-1,1,0,0
977,-1,-1,-1,0,0,0,1,1,0,0,1,1,0,-1,-1,0,0,0,-1,-1,1
978,1,1,0,-1,0,1,1,1,1,-1,-1,0,0,0,-1,0,-1,-1,0,1,0
979,0,-1,0,1,0,0,1,-1,-1,0,-1,0,1,1,1,0,1,-1,-1,0,1
980,1,-1,-1,-1,1,1,1,-1,1,0,0,0,1,-1,0,-1,0,0,1,-1,1
981,0,-1,-1,-1,1,1,-1,-1,-1,0,-1,1,1,0,-1,0,1,1,1,0,0
982,1,1,-1,1,1,1,1,1,-1,0,-1,0,1,0,0,1,0,-1,0,0,1
983,1,0,1,0,0,1,0,0,1,0,0,1,1,0,0,0,-1,-1,-1,1,0
984,1,1,0,-1,0,1,-1,1,0,1,-1,-1,1,0,1,-1,1,1,0,0,1
985,1,1,1,0,-1,0,-1,1,0,0,1,1,-1,-1,1,0,0,1,-1,1,0
986,0,1,-1,1,0,0,1,0,-1,-1,0,1,0,0,0,-1,1,-1,1,0,0
987,1,0,1,0,0,1,0,1,1,0,1,0,-1,1,0,1,0,1,0,1,0
988,-1,0,1,0,-1,-1,1,0,1,0,0,1,-1,0,0,0,1,1,-1,0,0
989,0,-1,0,0,1,0,-1,1,-1,1,0,0,-1,0,0,0,0,1,0,0,0
990,1,0,-1,1,1,-1,0,-1,0,-1,1,0,0,1,0,0,0,0,0,0,0
991,-1,1,1,0,0,1,0,0,1,0,0,-1,0,-1,1,1,1,-1,1,0,1
992,-1,0,0,-1,0,0,-1,0,0,-1,1,1,0,-1,-1,-1,0,-1,1,0,0
993,-1,0,0,-1,-1,1,1,0,0,0,0,0,0,0,-1,-1,0,1,0,0,1
994,0,0,0,1,0,0,0,0,0,-1,-1,1,0,-1,-1,-1,0,0,-1,1,1
995,0,0,0,1,1,1,1,0,-1,1,1,0,0,0,0,1,-1,1,0,0,1
996,0,0,0,1,-1,1,1,0,0,0,-1,0,0,0,0,-1,0,1,0,-1,0
997,1,0,-1,0,-1,0,0,-1,0,1,1,1,0,1,-1,0,1,0,1,1,0
998,1,0,0,-1,0,1,1,0,0,-1,1,0,0,1,-1,0,1,-1,-1,-1,0
999,-1,1,1,0,1,1,1,0,1,1,0,1,-1,-1,-1,1,1,0,0,-1,1
1000,1,0,1,1,1,0,0,1,-1,0,-1,0,0,-1,-1,-1,1,0,0,-1,1
1001,1,0,0,-1,-1,1,1,0,-1,-1,-1,0,0,1,0,0,1,-1,1,0,1
1002,1,1,1,0,1,0,0,0,0,1,-1,1,0,0,0,1,0,-1,1,-1,0
1003,-1,-1,0,0,0,0,1,1,1,1,-1,-1,1,0,1,0,0,0,1,-1,0
1004,1,0,1,1,1,-1,1,0,-1,1,0,0,-1,0,-1,0,1,-1,-1,0,0
1005,-1,-1,0,0,0,-1,-1,0,0,-1,0,0,0,1,0,1,1,0,1,1,0
1006,1,-1,1,0,1,1,1,1,1,1,0,0,0,0,-1,-1,0,0,1,-1,1
1007,1,-1,1,1,0,0,1,0,0,0,1,0,0,0,-1,0,-1,-1,0,1,1
1008,-1,0,1,1,0,1,1,0,1,-1,1,0,0,1,1,0,0,0,1,0,1
1009,-1,-1,-1,0,-1,1,0,1,-1,0,1,0,1,-1,0,-1,0,1,0,-1,1
1010,1,1,1,0,0,0,1,-1,1,1,0,0,1,0,1,1,0,0,-1,0,0
1011,1,0,-1,0,0,-1,0,0,1,0,-1,1,1,0,1,0,1,-1,-1,-1,1
1012,1,-1,1,1,-1,0,0,0,-1,1,0,0,1,0,1,1,0,-1,-1,0,0
1013,0,0,1,0,-1,0,0,-1,0,0,-1,0,0,-1,-1,0,0,1,-1,-1,1
1014,0,0,-1,0,0,0,0,1,1,0,-1,-1,-1,-1,0,0,-1,-1,-1,0,0
1015,0,0,-1,0,-1,-1,0,0,1,0,0,0,-1,0,0,-1,0,0,-1,1,1
1016,-1,-1,-1,1,-1,1,0,0,-1,0,0,-1,0,1,-1,0,0,-1,0,0,1
1017,1,0,0,1,1,0,-1,0,1,0,0,1,0,0,-1,-1,0,-1,1,1,0
1018,0,0,1,-1,0,1,1,1,0,0,-1,-1,1,-1,-1,0,-1,0,0,-1,0
1019,1,1,0,0,-1,1,1,0,0,-1,0,0,1,0,-1,1,-1,0,1,1,0
1020,1,1,1,1,0,0,0,-1,-1,1,1,-1,1,-1,0,0,1,1,1,0,0
1021,0,0,1,1,1,-1,1,0,-1,0,0,0,0,1,-1,-1,-1,0,1,0,1
1022,0,0,1,1,-1,0,1,-1,1,0,-1,-1,-1,0,1,0,0,-1,0,0,0
1023,1,1,1,0,-1,0,1,0,-1,-1,0,-1,0,0,0,0,1,-1,-1,1,0
1024,-1,1,0,1,-1,-1,0,1,0,1,0,0,1,1,1,-1,0,1,0,1,1
1025,0,-1,-1,0,-1,-1,1,1,1,0,-1,1,1,0,-1,0,-1,-1,0,0,0
1026,-1,1,-1,-1,1,1,1,1,-1,0,1,0,0,0,1,0,-1,0,1,1,1
1027,1,0,0,0,0,-1,1,0,-1,0,0,0,1,0,1,0,1,1,0,1,0
1028,0,-1,0,0,1,1,0,0,0,-1,-1,1,-1,-1,0,0,-1,-1,1,-1,1
1029,1,1,1,-1,-1,0,1,0,1,-1,0,0,0,0,-1,0,0,0,0,0,1
1030,-1,0,1,-1,-1,0,-1,1,1,0,-1,0,1,0,0,0,0,1,-1,0,1
1031,1,-1,0,1,1,-1,0,-1,1,-1,0,1,0,0,1,-1,1,-1,-1,-1,0
1032,0,-1,0,1,1,-1,0,-1,-1,1,1,0,1,1,1,1,0,1,-1,0,1
1033,-1,-1,1,0,0,0,0,0,-1,0,0,0,1,0,0,-1,0,0,1,1,1
1034,-1,1,1,-1,1,-1,1,1,0,0,0,1,1,1,1,-1,0,0,0,-1,1
1035,0,0,-1,0,0,0,0,-1,0,0,0,0,1,0,-1,-1,0,0,0,0,1
1036,0,0,0,0,1,1,0,0,-1,0,0,0,0,0,-1,-1,-1,0,-1,0,0
1037,1,1,0,0,1,0,-1,1,1,-1,0,1,1,0,0,1,1,0,-1,0,1
1038,0,0,-1,0,0,-1,-1,-1,0,0,0,0,0,0,1,-1,0,0,1,-1,1
1039,1,0,1,0,0,1,-1,0,-1,-1,1,0,0,1,1,0,0,1,0,0,1
1040,-1,1,0,0,0,-1,0,1,0,1,0,0,-1,1,0,1,1,-1,0,0,0
1041,-1,0,-1,-1,0,1,1,1,0,0,-1,-1,1,-1,0,0,1,1,0,0,0
1042,1,0,-1,0,1,0,0,1,0,-1,1,0,0,1,-1,-1,-1,0,1,0,0
1043,1,0,1,1,1,-1,0,0,0,0,0,0,0,0,-1,1,1,0,1,0,0
1044,0,0,1,0,1,0,0,0,1,-1,-1,1,-1,-1,1,0,1,-1,1,1,1
1045,0,-1,0,0,0,1,1,1,1,0,0,-1,0,0,1,-1,1,0,-1,0,0
1046,0,0,1,1,-1,1,0,-1,0,1,1,-1,-1,-1,1,1,1,0,0,1,1
1047,-1,1,0,1,0,-1,-1,0,0,0,0,1,-1,1,1,0,1,1,1,1,0
1048,0,0,0,0,-1,0,1,0,1,-1,-1,0,-1,1,1,-1,0,0,0,-1,1
1049,0,-1,-1,-1,-1,1,-1,-1,0,0,0,0,-1,0,0,0,0,1,1,0,1
1050,0,1,1,-1,-1,1,0,0,0,-1,1,0,0,-1,1,1,1,-1,1,1,1
1051,1,1,0,0,0,0,0,1,0,1,0,1,1,-1,1,0,0,-1,1,0,0
1052,1,0,-1,-1,0,1,0,-1,-1,0,0,-1,0,0,-1,0,-1,1,0,1,0
1053,0,0,-1,-1,1,1,0,0,0,0,1,-1,0,-1,1,1,0,0,0,0,0
1054,-1,0,-1,0,0,-1,0,-1,-1,0,0,-1,-1,0,1,-1,1,1,-1,0,0
1055,0,0,1,1,1,0,-1,-1,0,1,0,1,0,1,0,0,0,-1,0,-1,1
1056,-1,1,0,0,0,-1,0,0,0,0,1,0,1,-1,0,0,1,1,1,0,1
1057,0,1,1,-1,-1,1,0,0,-1,0,1,1,0,-1,0,-1,1,0,0,0,1
1058,-1,-1,-1,-1,1,0,0,0,0,0,0,1,0,1,1,0,0,1,1,-1,1
1059,1,-1,0,-1,0,0,0,0,1,0,1,1,-1,-1,-1,1,0,1,1,1,0
1060,0,0,0,-1,1,1,0,0,1,1,1,0,1,-1,-1,0,0,-1,0,1,0
1061,1,-1,0,-1,1,-1,-1,1,0,1,1,1,1,1,0,1,1,1,-1,0,1
1062,1,-1,0,1,0,0,1,1,0,-1,-1,1,0,1,0,0,0,-1,0,-1,0
1063,1,-1,-1,-1,0,1,0,0,0,-1,-1,1,0,0,1,1,1,0,-1,0,0
1064,0,1,0,0,0,0,-1,-1,1,-1,1,-1,0,1,-1,-1,0,-1,0,0,1
1065,1,-1,-1,-1,0,-1,-1,0,1,1,1,1,-1,-1,-1,0,0,-1,-1,0,1
1066,1,1,0,1,-1,0,0,0,0,0,0,0,0,0,1,-1,0,0,-1,1,0
1067,0,0,0,0,0,0,-1,1,-1,-1,0,1,0,0,0,0,1,-1,0,0,1
1068,-1,0,0,0,0,0,1,1,1,0,-1,-1,0,0,0,1,-1,0,0,0,0
1069,1,-1,0,1,0,0,0,1,-1,-1,0,-1,1,0,0,0,1,1,0,-1,1
1070,1,-1,1,0,0,1,1,1,0,0,1,1,0,0,-1,0,0,0,1,1,1
1071,-1,0,1,1,-1,-1,-1,0,1,0,-1,1,0,0,1,-1,-1,0,1,1,0
1072,0,0,0,0,1,1,0,-1,1,0,-1,-1,-1,0,-1,1,0,0,-1,1,0
1073,1,1,0,1,1,-1,1,1,-1,0,1,0,-1,0,0,-1,1,0,-1,-1,1
1074,1,1,1,0,1,1,1,1,1,0,0,1,-1,1,-1,-1,0,0,0,1,0
1075,1,0,-1,0,0,-1,1,1,0,1,-1,1,0,1,-1,1,0,0,0,1,0
1076,1,1,0,-1,0,0,1,0,0,0,1,0,1,1,0,0,1,1,1,1,0
1077,-1,0,0,0,0,-1,1,0,0,1,0,1,-1,0,0,0,0,1,1,1,0
1078,-1,0,0,-1,-1,0,1,0,-1,-1,0,0,0,-1,0,-1,0,0,0,-1,1
1079,0,1,-1,0,1,0,0,1,1,0,1,1,1,0,0,-1,1,0,-1,-1,1
1080,0,0,-1,0,-1,0,1,0,0,0,-1,0,-1,0,1,0,1,0,1,0,0
1081,0,-1,1,1,0,1,-1,0,-1,0,1,0,1,0,-1,0,0,1,0,1,1
1082,0,-1,0,1,1,0,0,-1,-1,0,1,-1,1,-1,0,0,0,-1,0,0,1
1083,0,1,1,-1,1,-1,0,1,0,1,0,-1,-1,-1,0,-1,0,1,1,0,0
1084,0,-1,0,0,0,0,0,1,-1,1,0,-1,1,1,1,0,1,-1,1,1,0
1085,0,0,-1,0,0,0,0,0,0,0,0,0,0,-1,0,-1,0,0,1,0,1
1086,0,0,-1,1,1,-1,0,1,0,-1,1,-1,0,-1,0,1,-1,-1,0,-1,1
1087,-1,-1,-1,-1,-1,1,1,1,0,0,1,-1,1,-1,0,-1,0,-1,0,1,1
1088,-1,0,0,1,1,0,0,-1,0,1,-1,0,-1,1,-1,1,0,-1,0,1,0
1089,0,0,0,0,0,0,0,1,-1,-1,0,-1,1,0,0,1,0,1,1,1,0
1090,-1,1,0,0,-1,0,0,-1,-1,-1,-1,-1,0,0,-1,0,-1,-1,0,0,1
1091,-1,0,-1,-1,0,0,1,0,-1,0,0,-1,1,1,-1,-1,0,0,0,-1,1
1092,0,0,-1,0,0,-1,1,-1,1,1,1,-1,0,-1,1,0,0,-1,0,0,1
1093,0,0,-1,1,0,-1,0,0,0,-1,1,0,0,0,1,1,-1,0,0,1,1
1094,0,0,0,0,-1,0,1,1,1,0,-1,1,0,0,0,0,0,0,-1,0,1
1095,0,0,0,0,1,1,0,1,-1,1,0,0,0,0,-1,1,1,1,0,0,0
1096,-1,0,1,1,0,0,0,0,0,1,-1,0,0,1,0,-1,1,1,1,1,0
1097,0,0,0,0,-1,0,1,0,-1,0,0,-1,0,0,-1,0,0,-1,0,1,0
1098,0,1,1,1,-1,1,-1,0,0,0,1,-1,0,0,0,0,0,-1,0,1,1
1099,0,0,-1,0,1,1,0,1,1,-1,0,0,1,0,-1,0,0,0,0,0,1
1100,1,1,1,0,-1,0,-1,1,-1,1,0,0,-1,0,1,0,1,0,-1,0,0
1101,0,0,1,0,-1,0,-1,-1,1,0,0,-1,1,0,-1,1,0,1,0,1,1
1102,0,-1,1,-1,1,0,-1,-1,0,1,0,0,1,0,1,0,1,1,0,0,0
1103,1,0,0,0,0,0,0,0,0,1,1,0,0,-1,0,1,0,1,-1,1,0
1104,-1,0,0,-1,1,1,-1,-1,0,-1,0,-1,0,1,-1,0,0,1,-1,-1,0
1105,0,-1,1,-1,1,-1,0,-1,0,0,0,0,1,1,-1,1,1,-1,1,-1,0
1106,-1,-1,1,0,0,1,-1,0,0,0,1,1,1,0,0,-1,0,0,1,1,0
1107,1,1,-1,1,1,1,1,1,1,-1,-1,0,0,0,0,-1,0,0,-1,1,1
1108,0,0,0,0,1,-1,0,0,0,0,-1,1,1,1,1,-1,0,-1,-1,-1,1
1109,0,0,0,0,1,0,0,1,1,1,0,0,0,0,0,0,0,1,1,0,0
1110,-1,0,-1,1,1,0,1,-1,-1,1,1,-1,1,0,1,-1,0,-1,1,-1,1
1111,1,-1,0,0,-1,1,0,0,0,0,1,-1,1,1,1,0,1,-1,-1,-1,0
1112,-1,-1,0,1,0,-1,0,-1,1,1,-1,0,0,1,1,0,-1,0,0,1,0
1113,1,0,0,1,0,-1,1,0,-1,0,1,0,-1,-1,-1,1,-1,0,1,1,1
1114,0,-1,1,0,0,1,-1,-1,1,-1,1,-1,-1,-1,1,0,-1,1,-1,-1,1
1115,1,1,0,0,0,0,-1,1,0,-1,0,-1,-1,1,0,0,0,1,-1,0,1
1116,1,1,1,0,0,1,-1,-1,0,1,-1,0,-1,0,1,-1,0,1,0,1,1
1117,1,-1,1,1,-1,1,-1,0,0,1,0,1,-1,0,-1,0,1,1,1,0,1
1118,0,0,0,0,0,0,1,0,0,1,1,-1,-1,1,1,0,0,-1,1,1,0
1119,1,-1,0,0,-1,-1,1,0,1,1,0,0,0,0,0,0,0,1,0,1,1
1120,-1,1,0,1,0,0,0,1,0,1,-1,0,0,0,-1,0,1,-1,1,1,1
1121,1,0,-1,1,0,1,-1,0,0,0,0,0,-1,-1,0,0,1,0,1,0,1
1122,0,0,0,0,-1,1,1,-1,-1,0,0,0,0,0,-1,0,0,1,1,1,1
1123,0,1,1,0,0,-1,1,-1,0,-1,-1,-1,0,0,0,1,-1,-1,0,0,1
1124,1,0,1,1,1,1,0,0,1,0,0,-1,-1,-1,1,0,1,1,1,0,1
1125,1,1,1,1,1,0,0,1,0,1,-1,1,0,0,-1,-1,1,0,-1,-1,0
1126,1,1,0,0,-1,0,1,1,0,1,1,-1,1,0,-1,0,-1,0,1,1,1
1127,0,0,-1,1,-1,1,0,-1,-1,1,-1,1,0,1,-1,0,1,1,1,0,0
1128,1,1,-1,-1,0,-1,1,0,-1,0,1,0,-1,1,0,0,0,0,-1,0,0
1129,0,0,1,0,0,0,0,1,-1,-1,0,1,1,0,-1,0,0,0,-1,1,1
1130,1,0,0,1,-1,1,0,1,0,1,-1,1,-1,1,0,1,1,-1,0,1,0
1131,1,1,0,0,-1,0,0,1,1,0,-1,0,0,1,1,1,1,-1,1,0,1
1132,-1,-1,1,-1,-1,-1,1,-1,-1,1,0,0,0,0,-1,0,0,1,1,-1,1
1133,0,0,0,1,1,1,0,0,-1,1,0,1,-1,-1,0,1,1,1,1,0,0
1134,1,1,0,0,1,1,-1,0,0,-1,-1,0,0,1,-1,0,-1,0,1,0,1
1135,1,1,-1,-1,1,1,0,0,-1,0,0,1,-1,1,-1,1,0,1,0,1,0
1136,-1,1,-1,0,0,-1,0,1,1,1,1,0,-1,1,-1,1,0,-1,0,0,1
1137,1,-1,-1,1,1,0,-1,0,1,0,-1,-1,1,-1,-1,1,-1,0,-1,0,0
1138,0,0,0,0,0,1,0,0,-1,0,0,0,1,-1,0,1,-1,0,-1,0,0
1139,0,0,0,-1,-1,0,-1,0,0,0,-1,1,0,1,-1,-1,-1,0,-1,0,1
1140,0,1,0,1,1,-1,1,-1,-1,1,1,-1,0,1,-1,-1,0,0,-1,-1,1
1141,1,0,1,1,-1,0,0,0,-1,0,1,1,0,1,0,0,-1,0,1,-1,0
1142,1,0,-1,1,0,1,1,0,0,-1,-1,-1,-1,-1,1,-1,0,0,0,1,0
1143,1,1,0,0,-1,-1,1,1,-1,1,0,0,0,1,0,0,1,1,0,1,1
1144,0,-1,0,-1,1,1,0,-1,1,1,-1,0,0,0,0,0,1,0,1,-1,0
1145,1,0,0,1,1,0,0,0,1,-1,-1,0,-1,-1,1,0,0,0,-1,0,1
1146,1,-1,1,0,0,1,0,1,1,1,0,0,1,-1,1,0,0,-1,0,0,1
1147,0,0,1,0,0,-1,0,0,0,0,-1,0,0,-1,1,0,-1,1,0,0,0
1148,1,0,0,0,1,1,-1,0,0,1,1,-1,0,-1,-1,1,0,0,-1,1,1
1149,0,0,0,-1,0,0,0,0,1,1,0,0,0,0,0,1,0,0,1,0,1
1150,1,1,-1,0,0,1,0,-1,1,-1,0,0,0,0,0,0,0,-1,-1,0,1
1151,-1,1,1,0,1,0,1,-1,0,0,1,0,0,1,-1,0,-1,0,-1,-1,1
1152,-1,0,-1,0,-1,0,-1,1,1,-1,1,0,-1,1,0,0,0,0,0,1,1
1153,-1,0,0,0,-1,1,-1,1,0,0,0,-1,1,0,0,0,0,0,1,0,1
1154,0,1,-1,-1,0,-1,0,1,0,-1,1,0,-1,-1,-1,-1,-1,1,-1,0,1
1155,1,0,1,1,0,0,-1,1,0,0,1,0,1,-1,0,1,1,0,-1,0,1
1156,1,1,-1,0,-1,-1,0,-1,1,-1,0,1,0,-1,0,1,-1,-1,-1,0,1
1157,1,0,0,1,-1,1,-1,0,0,1,1,0,-1,1,-1,-1,1,0,1,1,1
1158,1,0,1,0,1,1,0,0,0,0,0,1,-1,-1,-1,-1,-1,0,-1,-1,0
1159,1,-1,-1,1,0,0,0,0,1,1,-1,0,0,-1,1,-1,0,-1,-1,-1,0
1160,0,1,-1,1,-1,-1,1,-1,0,0,0,1,1,1,1,1,0,0,-1,1,1
1161,1,0,-1,1,1,0,1,1,0,-1,1,1,1,0,1,1,-1,1,1,1,1
1162,0,1,0,0,0,0,1,1,0,0,1,1,-1,1,-1,-1,0,-1,0,-1,0
1163,0,0,1,0,1,0,0,-1,-1,0,-1,-1,0,-1,1,-1,1,1,0,0,1
1164,1,1,0,-1,1,0,0,1,0,0,1,0,-1,1,1,-1,0,0,-1,1,0
1165,0,1,-1,1,0,0,0,1,1,0,0,-1,0,0,0,0,0,-1,1,1,1
1166,0,1,-1,0,0,1,0,-1,1,-1,0,0,-1,1,1,0,0,0,0,-1,0
1167,-1,1,1,0,0,1,1,-1,0,0,0,0,0,1,0,1,1,-1,1,0,1
1168,0,1,1,-1,0,-1,1,0,0,0,0,1,0,1,-1,-1,0,0,0,-1,0
1169,1,1,1,1,0,0,0,-1,1,0,1,0,1,1,1,-1,0,0,1,0,1
1170,0,1,1,-1,0,0,0,1,0,-1,0,0,0,0,-1,0,1,0,1,0,0
1171,-1,0,0,1,-1,-1,0,0,-1,1,1,1,0,1,0,-1,0,0,0,0,1
1172,1,0,0,0,0,1,1,0,-1,1,0,-1,-1,0,0,0,1,1,0,0,0
1173,0,0,-1,0,-1,-1,0,0,0,0,1,0,-1,0,-1,0,1,1,1,-1,1
1174,1,1,0,1,-1,-1,1,0,-1,0,0,0,0,0,-1,0,-1,0,0,0,1
1175,-1,0,1,0,1,0,1,-1,0,-1,1,-1,-1,1,0,0,0,1,0,0,1
1176,1,0,0,1,1,1,1,0,-1,1,0,0,-1,0,0,1,-1,0,0,1,1
1177,1,0,0,1,0,1,0,-1,0,1,0,-1,1,1,1,-1,-1,0,0,-1,0
1178,-1,1,0,0,1,0,1,0,-1,-1,1,-1,-1,-1,0,1,0,0,-1,1,0
1179,0,-1,0,-1,0,-1,1,0,1,-1,0,0,1,-1,1,-1,0,1,0,1,1
1180,1,-1,1,1,-1,-1,-1,1,1,0,1,0,0,0,1,0,1,-1,0,0,0
1181,-1,0,1,-1,-1,0,1,-1,0,-1,1,1,0,-1,0,1,-1,0,1,1,0
1182,0,1,-1,1,1,0,1,1,-1,0,1,-1,1,1,1,0,1,1,-1,0,1
1183,0,-1,0,0,0,0,-1,1,1,1,1,-1,-1,-1,0,1,0,0,0,-1,1
1184,0,1,1,1,0,-1,1,-1,1,1,0,1,0,-1,0,0,-1,0,-1,0,1
1185,-1,0,0,0,1,-1,1,0,0,-1,-1,-1,0,0,0,1,0,1,1,1,0
1186,-1,-1,-1,0,-1,0,-1,0,-1,0,0,1,-1,-1,1,1,-1,0,-1,0,1
1187,0,1,1,1,0,-1,0,0,1,0,0,1,-1,0,-1,-1,-1,0,0,-1,1
1188,-1,1,1,0,1,1,0,-1,0,0,1,1,-1,1,0,-1,0,-1,0,0,1
1189,1,-1,1,0,0,1,1,0,1,0,-1,0,0,0,0,1,-1,0,0,1,1
1190,-1,1,0,1,1,-1,0,1,1,1,-1,-1,1,0,0,0,0,-1,0,-1,0
1191,-1,0,0,1,1,1,0,0,0,1,-1,0,-1,1,0,0,-1,0,1,0,1
1192,0,0,1,0,0,0,1,1,-1,1,1,-1,-1,1,0,1,0,-1,1,0,1
1193,-1,0,1,0,-1,-1,1,0,0,1,-1,1,1,-1,0,0,1,1,-1,-1,0
1194,0,1,1,-1,0,-1,1,0,0,-1,1,0,1,0,1,-1,1,1,0,0,1
1195,0,1,0,0,0,0,0,0,-1,0,1,0,-1,-1,0,1,0,0,0,0,1
1196,-1,0,1,-1,0,0,0,1,0,1,0,-1,-1,0,0,-1,1,-1,0,0,0
1197,0,0,1,-1,1,-1,-1,0,1,1,-1,-1,0,1,-1,1,0,1,-1,0,1
1198,0,1,1,1,1,-1,0,1,0,-1,0,0,1,1,-1,1,1,-1,-1,1,0
1199,-1,1,-1,1,0,0,-1,1,-1,0,-1,1,0,-1,0,0,1,0,1,1,1
1200,0,-1,0,0,0,1,1,0,-1,0,1,0,0,-1,1,1,0,1,-1,1,1
1201,-1,-1,-1,0,0,0,0,1,0,0,0,1,1,1,1,1,-1,1,0,-1,0
1202,-1,-1,-1,0,-1,-1,-1,1,1,-1,-1,-1,-1,0,1,0,-1,1,1,-1,1
1203,1,1,-1,0,-1,0,0,1,1,0,0,1,0,-1,-1,0,-1,1,1,0,0
1204,1,1,0,1,-1,1,0,-1,0,0,1,0,0,-1,1,0,-1,1,1,-1,1
1205,1,0,1,0,0,1,0,-1,1,1,1,1,0,-1,0,-1,0,1,0,0,0
1206,1,-1,-1,1,1,-1,1,-1,0,1,0,0,-1,-1,-1,1,-1,0,0,1,0
1207,0,0,0,-1,-1,0,0,0,0,1,0,0,0,1,0,0,1,1,0,0,1
1208,0,0,0,0,-1,1,-1,1,-1,-1,1,1,0,-1,-1,0,0,0,-1,0,1
1209,1,-1,1,1,0,1,-1,0,-1,1,1,0,1,-1,0,-1,0,1,0,1,0
1210,1,1,0,-1,-1,-1,1,1,1,1,0,0,-1,-1,-1,1,0,0,1,0,1
1211,1,1,1,0,0,0,1,0,0,0,1,1,1,1,1,1,0,0,1,-1,0
1212,1,-1,1,-1,1,-1,-1,0,-1,0,0,-1,0,1,-1,0,0,0,0,0,1
1213,1,-1,0,-1,-1,1,1,0,0,0,-1,0,0,1,0,1,1,0,0,0,0
1214,0,0,0,0,1,-1,-1,-1,-1,1,-1,0,0,0,1,0,0,0,0,0,0
1215,1,0,1,0,-1,0,-1,1,0,-1,0,0,0,0,0,1,-1,1,1,1,1
1216,1,0,1,0,0,-1,1,0,-1,0,0,0,1,-1,0,0,1,1,-1,0,1
1217,-1,1,1,1,1,-1,-1,1,1,0,-1,0,0,0,0,0,1,0,-1,0,0
1218,1,-1,0,0,1,1,0,1,0,-1,1,0,0,1,0,0,-1,-1,1,1,0
1219,-1,0,0,-1,0,1,1,-1,1,0,-1,0,0,0,-1,0,1,0,0,0,0
1220,0,0,0,-1,0,0,1,0,-1,0,1,0,0,0,1,1,-1,-1,1,0,1
1221,1,1,1,-1,-1,1,0,-1,1,0,1,1,-1,0,1,0,-1,0,1,0,0
1222,1,1,0,1,-1,0,0,1,0,-1,0,1,1,-1,1,0,0,-1,-1,0,1
1223,1,1,0,1,0,-1,1,1,1,0,1,1,0,1,1,1,-1,-1,-1,0,1
1224,-1,1,-1,1,0,-1,1,0,-1,-1,0,1,-1,0,1,-1,0,0,-1,0,0
1225,0,0,-1,-1,0,0,-1,1,1,-1,-1,0,-1,1,0,0,-1,-1,-1,1,0
1226,1,1,0,0,1,0,-1,1,0,1,0,0,1,0,0,1,0,0,-1,-1,1
1227,-1,1,0,1,0,1,-1,1,1,0,-1,0,0,1,1,0,-1,0,1,1,0
1228,1,-1,0,0,0,1,0,-1,0,-1,0,1,-1,-1,0,1,-1,-1,-1,0,1
1229,-1,-1,1,1,-1,1,1,0,1,0,1,0,0,1,-1,0,1,0,0,0,1
1230,-1,1,-1,0,-1,1,-1,0,1,0,0,1,-1,1,0,0,0,0,0,1,1
1231,0,1,-1,-1,-1,-1,0,1,-1,0,0,-1,0,0,1,-1,1,1,-1,-1,0
1232,1,0,0,0,0,0,0,0,0,0,0,0,0,1,-1,0,-1,0,0,0,1
1233,0,-1,-1,0,1,1,1,0,1,0,-1,1,1,1,0,0,0,1,-1,0,0
1234,-1,-1,0,1,0,0,-1,-1,1,0,1,1,-1,0,0,0,0,-1,1,0,1
1235,1,0,0,1,1,1,0,0,0,1,-1,-1,0,0,1,1,-1,-1,1,0,1
1236,0,1,1,1,1,0,0,0,0,1,0,-1,1,-1,0,-1,0,0,0,0,1
1237,1,1,1,1,1,0,1,1,1,-1,1,1,0,0,0,1,0,0,0,-1,1
1238,0,0,0,0,-1,1,-1,0,-1,0,0,0,0,0,0,-1,-1,0,1,0,0
1239,1,-1,1,0,0,0,0,1,0,0,0,1,-1,0,0,1,1,-1,-1,1,1
1240,1,0,0,0,1,0,0,0,1,-1,0,0,-1,0,1,1,0,0,-1,1,1
1241,1,1,0,1,-1,0,-1,0,0,1,0,1,0,1,-1,1,-1,0,0,0,1
1242,0,1,-1,0,-1,0,1,0,0,0,-1,1,1,1,-1,0,-1,0,-1,0,0
1243,-1,1,0,0,1,1,1,0,0,-1,0,1,0,-1,1,0,1,1,-1,0,1
1244,0,1,1,-1,-1,1,0,-1,-1,0,0,0,1,-1,1,0,-1,0,1,1,1
1245,1,0,0,1,1,0,1,-1,1,1,1,0,1,1,1,0,-1,-1,-1,0,0
1246,1,1,-1,-1,-1,0,1,1,-1,1,0,0,0,1,0,1,1,0,0,0,1
1247,1,-1,1,0,-1,0,1,0,-1,-1,0,0,1,1,1,1,0,0,-1,0,1
1248,0,0,0,0,-1,-1,1,1,0,1,0,1,-1,0,1,0,0,1,-1,-1,0
1249,1,0,0,-1,1,1,1,1,1,-1,-1,-1,-1,0,0,0,0,0,-1,1,1
1250,1,0,1,0,0,1,0,0,-1,-1,1,0,0,-1,0,-1,1,1,0,0,1
1251,0,1,1,-1,-1,0,-1,-1,1,0,1,-1,1,-1,1,-1,0,-1,1,1,0
1252,0,1,0,0,1,1,-1,1,0,-1,1,-1,1,1,1,0,-1,1,-1,0,0
1253,1,-1,1,1,1,0,0,1,1,1,1,1,-1,1,1,0,1,1,1,0,0
1254,0,1,0,-1,-1,1,1,-1,-1,1,0,1,1,1,0,0,-1,0,0,0,1
1255,-1,1,1,0,0,-1,0,1,-1,1,0,-1,1,1,1,0,1,0,1,1,1
1256,1,0,0,1,1,1,-1,0,0,0,0,0,-1,0,0,1,0,0,1,-1,0
1257,0,1,1,0,-1,0,0,1,1,-1,-1,0,1,-1,0,0,1,1,0,-1,0
1258,0,1,1,0,0,-1,1,-1,0,0,0,-1,0,0,-1,0,1,-1,-1,1,0
1259,0,-1,-1,0,0,1,1,0,0,0,0,0,1,0,1,0,1,1,1,1,1
1260,1,-1,-1,1,0,1,-1,-1,0,-1,1,-1,0,1,0,0,1,1,0,1,0
1261,0,1,0,1,0,0,1,0,-1,1,-1,1,1,0,-1,1,-1,0,-1,0,0
1262,1,0,0,0,-1,1,1,1,0,0,-1,0,0,1,1,0,1,1,0,1,1
1263,1,-1,0,-1,0,-1,1,0,1,0,0,0,0,-1,-1,0,1,1,1,-1,0
1264,1,0,0,0,-1,0,0,-1,1,1,1,0,-1,1,-1,1,0,1,1,-1,0
1265,-1,1,0,1,0,1,-1,0,1,0,1,1,1,-1,-1,1,0,0,0,0,0
1266,1,1,1,0,-1,1,1,0,-1,0,0,1,-1,0,1,1,0,0,1,0,0
1267,1,0,0,-1,1,0,0,1,0,1,-1,1,-1,-1,-1,0,-1,1,1,0,0
1268,-1,0,0,-1,-1,-1,0,1,-1,1,-1,1,0,0,1,1,-1,-1,-1,-1,0
1269,-1,1,-1,1,0,-1,0,0,1,1,0,1,0,1,0,-1,0,-1,0,1,1
1270,-1,0,0,-1,0,1,1,0,-1,1,1,0,1,0,1,1,-1,-1,1,-1,1
1271,0,1,0,1,-1,0,1,1,1,-1,-1,1,1,0,-1,0,1,-1,1,-1,0
1272,0,1,0,0,0,0,-1,-1,0,1,-1,0,0,0,0,0,-1,0,-1,0,0
1273,-1,1,0,1,0,1,0,0,0,1,0,0,-1,0,-1,0,1,0,1,0,1
1274,1,0,0,0,0,0,-1,-1,-1,1,1,-1,-1,1,0,1,-1,-1,0,-1,1
1275,-1,1,0,1,1,-1,0,-1,-1,0,-1,0,1,0,-1,0,1,1,0,0,0
1276,0,0,0,1,1,1,0,0,-1,1,-1,1,1,0,0,0,-1,0,0,-1,1
1277,1,0,0,-1,-1,0,-1,1,0,0,1,1,1,1,0,-1,0,0,0,1,1
1278,0,-1,1,1,0,1,-1,-1,0,0,0,1,1,1,1,0,1,0,-1,0,1
1279,1,0,0,1,0,0,1,0,-1,-1,0,-1,-1,0,0,-1,0,-1,-1,1,0
1280,1,1,-1,-1,0,-1,0,0,0,1,0,1,1,-1,1,1,-1,0,0,0,1
1281,0,1,1,-1,0,0,-1,0,-1,0,0,0,1,0,0,-1,1,1,1,-1,1
1282,1,0,-1,1,1,-1,-1,1,1,-1,-1,0,1,0,-1,0,-1,1,1,1,1
1283,1,0,1,1,0,-1,0,0,0,0,0,0,0,0,0,0,1,0,-1,1,0
1284,-1,0,0,1,0,0,1,1,0,1,0,-1,0,1,1,0,-1,1,-1,0,1
1285,-1,1,1,1,1,1,1,1,1,0,-1,-1,0,-1,-1,1,0,1,1,0,1
1286,0,-1,0,-1,-1,-1,0,-1,-1,-1,1,-1,1,-1,0,-1,-1,0,0,0,1
1287,0,0,-1,1,1,-1,0,0,0,-1,-1,1,0,0,-1,1,-1,1,1,1,1
1288,-1,-1,0,1,1,-1,0,1,0,0,0,-1,1,-1,-1,1,0,0,1,0,0
1289,-1,1,-1,0,0,0,-1,1,1,1,1,1,0,-1,1,1,-1,1,0,0,0
1290,-1,1,0,-1,0,0,0,1,1,0,-1,0,-1,-1,-1,1,0,-1,-1,0,0
1291,0,0,0,1,-1,0,1,1,0,-1,1,0,-1,-1,-1,0,-1,-1,-1,1,0
1292,0,-1,-1,0,0,0,1,0,1,1,0,-1,0,1,1,1,0,1,-1,1,0
1293,1,1,0,1,0,0,1,0,-1,1,0,1,0,1,-1,0,0,0,-1,0,1
1294,0,-1,1,0,0,1,-1,1,0,-1,0,0,0,0,1,1,1,0,1,1,0
1295,0,0,-1,0,1,-1,1,1,0,-1,1,-1,1,1,0,-1,-1,-1,0,-1,0
1296,0,1,0,0,0,-1,0,1,-1,0,0,0,-1,0,-1,0,0,0,1,0,1
1297,-1,0,-1,0,0,-1,1,0,-1,1,0,0,-1,1,1,1,0,-1,-1,-1,0
1298,-1,0,1,1,0,1,0,0,-1,0,1,0,1,0,0,0,1,-1,1,-1,0
1299,1,1,0,1,1,-1,0,1,1,0,-1,1,1,0,0,0,-1,1,-1,1,1
1300,-1,1,1,-1,0,1,-1,-1,1,1,0,-1,0,0,0,0,1,-1,-1,1,0
1301,1,1,1,0,0,1,-1,1,0,0,0,-1,-1,1,0,1,1,-1,1,1,0
1302,1,1,-1,1,-1,-1,-1,1,0,0,1,0,-1,-1,-1,0,-1,0,1,-1,1
1303,1,0,0,0,1,0,0,1,-1,-1,0,0,-1,0,-1,-1,1,-1,1,1,1
1304,0,1,0,1,0,-1,-1,0,-1,-1,1,-1,1,1,-1,1,0,0,-1,0,1
1305,1,0,1,-1,-1,0,1,1,1,-1,0,-1,-1,1,1,0,-1,1,-1,0,1
1306,1,-1,-1,0,1,0,0,0,0,1,1,0,1,0,0,1,0,0,1,1,0
1307,-1,1,1,0,0,0,-1,1,1,1,-1,0,0,0,0,-1,-1,-1,0,0,1
1308,0,0,1,0,0,0,0,-1,-1,-1,0,1,0,0,1,0,1,0,1,1,0
1309,0,-1,1,0,-1,1,0,1,-1,1,1,0,-1,1,0,0,-1,1,1,-1,1
1310,-1,0,1,0,-1,0,0,-1,0,0,0,-1,0,-1,1,0,0,-1,0,1,0
1311,-1,-1,-1,-1,0,0,1,-1,1,1,1,1,-1,-1,0,0,-1,-1,0,0,1
1312,1,1,0,0,1,0,0,0,1,1,1,-1,0,1,-1,0,1,1,0,1,0
1313,1,-1,-1,-1,1,0,-1,1,1,0,1,1,1,-1,-1,0,-1,1,0,0,1
1314,0,1,0,-1,1,1,1,0,-1,0,0,0,1,1,-1,-1,1,1,1,0,1
1315,0,1,0,-1,1,0,1,-1,-1,1,-1,-1,0,1,0,0,0,1,0,0,0
1316,1,0,0,-1,-1,0,0,-1,1,0,0,-1,-1,0,0,0,0,0,0,1,1
1317,1,0,0,-1,1,0,-1,0,1,-1,-1,0,0,1,1,1,1,0,0,0,0
1318,-1,-1,1,1,1,-1,1,-1,0,0,-1,0,0,0,0,0,-1,1,-1,-1,0
1319,1,1,1,0,-1,-1,0,0,1,0,0,0,-1,1,1,1,0,0,1,1,1
1320,-1,0,1,0,-1,0,1,0,0,0,-1,-1,1,-1,0,-1,-1,0,1,0,1
1321,-1,0,-1,1,-1,0,0,1,1,0,0,1,0,1,0,-1,-1,1,0,-1,0
1322,-1,0,1,0,1,0,-1,0,0,0,0,0,1,0,0,1,0,0,0,-1,1
1323,-1,1,1,0,0,1,0,1,1,0,1,-1,1,1,1,-1,-1,0,1,1,0
1324,-1,0,1,1,-1,-1,0,1,-1,-1,-1,1,0,-1,1,1,0,1,1,0,1
1325,1,0,0,-1,-1,1,-1,1,0,1,0,-1,0,0,1,0,0,1,0,1,1
1326,1,1,-1,-1,1,0,1,1,1,0,1,1,-1,0,1,0,0,1,1,1,0
1327,-1,-1,1,-1,0,0,-1,-1,-1,1,1,0,1,0,-1,-1,1,1,1,1,1
1328,-1,-1,0,-1,0,0,-1,-1,0,-1,0,-1,-1,-1,0,-1,1,1,0,1,1
1329,0,1,-1,1,-1,0,-1,-1,-1,-1,0,0,0,1,0,0,0,0,1,0,1
1330,-1,1,1,0,0,1,0,0,1,0,0,1,1,-1,0,-1,-1,0,-1,1,1
1331,-1,1,-1,0,1,0,0,0,-1,1,-1,-1,1,1,1,0,-1,-1,0,0,0
1332,1,-1,1,1,1,1,1,1,-1,0,1,0,1,-1,0,0,-1,0,-1,0,0
1333,-1,-1,0,1,-1,0,0,1,-1,0,1,1,0,1,0,1,0,0,1,1,1
1334,0,1,0,-1,-1,1,0,0,1,1,0,0,0,1,0,0,-1,0,1,0,1
1335,0,0,-1,-1,-1,0,1,1,0,1,0,1,-1,1,1,-1,0,0,-1,1,1
1336,1,0,1,1,-1,-1,-1,0,1,0,0,-1,0,0,0,1,0,0,0,-1,1
1337,0,1,-1,0,-1,0,1,-1,0,0,0,1,0,-1,-1,0,0,-1,-1,1,1
1338,0,0,1,1,1,1,1,0,-1,1,0,1,-1,-1,0,-1,-1,1,0,0,0
1339,0,1,-1,1,-1,1,0,0,0,0,1,-1,-1,0,1,0,1,1,1,0,0
1340,1,-1,0,0,1,0,1,1,1,-1,-1,1,1,0,0,1,1,-1,1,-1,0
1341,1,1,0,-1,0,1,-1,-1,1,-1,-1,-1,0,1,-1,-1,0,-1,1,1,0
1342,0,-1,0,1,0,-1,1,0,1,0,1,0,1,-1,0,0,0,0,-1,0,0
1343,0,-1,0,0,0,1,0,0,0,0,1,0,0,1,0,0,1,1,1,0,1
1344,-1,0,0,1,0,1,0,1,1,1,-1,0,0,1,0,0,-1,0,0,0,1
1345,0,0,1,1,-1,-1,1,0,1,1,0,-1,0,0,0,-1,0,1,-1,-1,0
1346,1,0,-1,1,0,0,-1,0,0,1,1,1,0,0,0,1,0,1,-1,1,0
1347,-1,1,0,0,1,-1,0,-1,1,0,1,1,-1,0,-1,0,0,1,0,-1,0
1348,-1,0,1,0,0,1,1,1,-1,1,1,0,-1,1,-1,0,0,0,0,0,1
1349,1,-1,0,1,0,1,1,1,0,0,0,-1,0,0,-1,0,1,0,0,-1,1
1350,1,-1,1,1,0,1,-1,1,1,1,1,-1,-1,-1,0,-1,1,-1,0,0,0
1351,-1,1,1,1,0,0,0,1,1,1,0,1,-1,0,0,1,1,-1,0,0,1
1352,0,0,0,0,1,1,0,0,0,1,1,1,0,1,0,1,1,-1,0,0,1
1353,-1,0,1,-1,1,0,0,1,-1,0,1,0,0,0,-1,-1,-1,-1,0,-1,1
1354,-1,-1,0,-1,-1,0,0,0,0,1,0,1,1,0,1,-1,-1,0,1,0,1
1355,0,0,1,0,1,-1,1,0,0,1,1,-1,-1,-1,-1,-1,0,1,0,0,1
1356,1,0,1,-1,0,0,-1,1,1,0,0,1,-1,0,1,-1,1,-1,0,0,1
1357,0,0,0,1,-1,0,-1,1,-1,0,-1,1,0,-1,1,-1,0,1,-1,1,0
1358,-1,-1,0,0,0,0,0,-1,1,1,1,-1,-1,-1,0,-1,0,0,1,0,1
1359,1,1,0,1,1,0,1,0,1,0,0,0,-1,0,1,0,0,-1,1,0,1
1360,0,1,1,1,1,1,1,1,-1,0,1,0,-1,0,-1,-1,1,-1,0,0,0
1361,1,0,-1,1,1,1,1,0,0,0,1,0,1,1,1,0,0,-1,0,-1,1
1362,-1,1,1,1,0,1,1,-1,-1,1,1,0,1,0,1,-1,1,0,1,0,0
1363,-1,0,0,0,1,0,-1,1,1,0,-1,1,0,0,1,-1,0,1,1,0,1
1364,1,-1,-1,1,1,1,0,1,1,1,-1,1,1,0,1,1,1,-1,1,-1,0
1365,0,1,1,-1,0,1,1,0,-1,-1,0,-1,-1,-1,-1,0,0,1,0,-1,0
1366,-1,0,1,0,-1,0,0,-1,-1,0,0,1,0,1,-1,1,1,0,-1,0,0
1367,1,0,1,1,-1,-1,0,0,1,-1,0,1,0,1,0,0,0,0,1,-1,0
1368,0,1,-1,-1,0,0,0,-1,-1,0,1,1,1,0,0,1,0,0,-1,1,1
1369,-1,-1,0,1,1,-1,0,0,-1,-1,0,-1,0,0,0,-1,-1,1,1,1,1
1370,-1,-1,1,0,0,1,1,-1,0,1,1,1,-1,1,1,1,1,1,0,0,0
1371,1,1,0,1,0,1,0,0,0,0,1,1,1,-1,0,1,0,1,-1,0,1
1372,0,-1,0,0,-1,-1,-1,0,0,0,0,0,0,0,0,1,0,1,1,-1,0
1373,1,0,-1,-1,-1,-1,0,1,0,0,1,0,-1,1,0,0,1,0,1,-1,0
1374,0,0,0,0,1,0,1,1,0,0,1,-1,0,0,-1,0,-1,1,0,0,0
1375,1,-1,0,-1,0,1,0,-1,0,-1,0,-1,0,0,1,0,-1,1,1,1,0
1376,-1,1,-1,0,-1,-1,1,-1,-1,0,0,1,-1,-1,-1,0,-1,1,-1,-1,0
1377,1,1,0,-1,0,1,1,-1,-1,0,1,0,-1,-1,0,-1,-1,-1,0,0,1
1378,-1,0,0,1,1,1,-1,1,-1,-1,-1,1,0,1,1,0,0,-1,0,1,0
1379,-1,0,-1,-1,0,-1,1,0,0,1,-1,1,0,0,-1,0,0,0,-1,-1,1
1380,-1,0,-1,0,1,-1,-1,1,0,-1,0,1,-1,0,0,0,1,0,1,1,0
1381,1,0,-1,-1,1,-1,1,-1,-1,-1,1,-1,-1,-1,0,1,1,1,0,1,0
1382,-1,1,-1,-1,0,-1,1,0,1,0,0,0,-1,0,-1,0,0,1,1,-1,1
1383,1,-1,1,0,0,1,0,-1,1,1,0,1,0,1,0,-1,0,-1,0,0,0
1384,-1,-1,0,0,-1,0,1,-1,1,0,0,0,1,1,1,-1,1,0,0,-1,1
1385,0,1,1,0,0,-1,0,1,1,0,-1,1,1,1,-1,-1,0,0,1,1,1
1386,-1,0,0,1,-1,1,0,0,0,-1,0,1,1,-1,-1,0,0,0,1,0,1
1387,-1,1,1,1,1,1,1,1,0,1,0,1,-1,-1,0,1,1,1,0,1,1
1388,1,0,0,0,-1,-1,-1,-1,0,-1,0,0,0,1,0,-1,1,1,-1,1,0
1389,-1,0,-1,-1,0,-1,1,0,1,1,0,0,1,1,1,0,-1,0,-1,0,1
1390,-1,0,-1,0,0,0,0,1,-1,0,0,0,0,1,1,0,1,1,-1,1,1
1391,1,1,0,0,1,-1,1,1,1,1,1,0,1,0,0,1,0,-1,1,-1,0
1392,-1,-1,0,0,0,0,-1,0,0,1,1,-1,0,-1,-1,1,1,0,0,1,0
1393,0,0,1,-1,0,-1,0,1,-1,1,1,0,0,1,1,-1,-1,1,-1,-1,1
1394,0,-1,1,1,1,0,-1,1,-1,-1,0,0,0,-1,0,0,1,0,1,1,0
1395,0,1,-1,1,1,1,0,1,-1,1,1,0,0,1,0,1,0,-1,-1,1,1
1396,0,1,0,1,-1,1,0,1,0,0,1,-1,-1,0,1,0,0,-1,0,0,0
1397,-1,-1,0,1,0,0,1,0,0,1,1,1,0,1,-1,0,0,0,1,-1,1
1398,0,0,1,1,0,0,0,0,0,0,0,1,0,0,1,-1,0,0,0,1,1
1399,1,-1,0,-1,1,1,-1,0,-1,0,1,0,0,-1,1,0,0,1,-1,0,1
1400,1,0,-1,-1,0,-1,0,0,-1,-1,-1,0,0,1,-1,0,0,0,0,0,0
1401,0,0,-1,0,1,-1,0,-1,1,-1,-1,0,1,-1,0,1,-1,1,0,0,1
1402,-1,1,0,1,1,1,1,0,0,1,1,0,0,1,-1,-1,0,-1,-1,0,0
1403,1,1,-1,-1,0,1,0,-1,-1,-1,0,1,1,0,0,0,0,0,1,0,1
1404,0,0,-1,1,-1,1,0,0,-1,0,0,1,0,-1,1,0,1,1,0,0,1
1405,-1,1,0,0,0,0,-1,-1,0,-1,-1,0,0,-1,0,1,-1,-1,0,0,0
1406,-1,-1,0,-1,-1,0,1,0,1,1,1,-1,1,0,-1,-1,0,1,-1,0,0
1407,0,-1,1,1,1,0,0,-1,0,0,-1,1,-1,-1,0,1,0,0,0,-1,0
1408,1,-1,-1,0,1,-1,0,1,-1,1,0,1,1,1,1,0,0,1,1,-1,0
1409,-1,0,-1,-1,0,1,-1,-1,0,-1,1,1,0,0,-1,0,-1,1,0,0,0
1410,-1,0,0,1,1,-1,1,-1,0,0,0,0,0,0,0,-1,0,0,0,-1,1
1411,0,0,0,-1,0,0,-1,-1,0,1,-1,-1,-1,-1,0,1,1,1,0,-1,1
1412,1,1,1,1,0,-1,0,1,0,-1,0,0,0,-1,1,1,-1,-1,0,0,0
1413,1,1,1,1,1,-1,1,1,0,1,1,-1,1,0,1,0,0,1,-1,1,1
1414,1,0,1,1,-1,1,0,0,0,0,1,1,0,-1,0,-1,-1,0,-1,-1,0
1415,0,0,1,1,1,-1,0,1,0,1,0,0,0,0,0,0,0,1,0,0,0
1416,1,1,-1,1,1,1,0,0,-1,-1,0,1,1,0,1,0,1,0,1,-1,1
1417,0,0,1,1,0,0,-1,0,0,-1,-1,0,1,-1,1,1,1,-1,0,1,0
1418,0,0,0,0,0,1,-1,0,1,1,0,0,1,1,0,0,-1,-1,0,0,0
1419,0,0,0,1,-1,-1,0,-1,1,1,-1,-1,0,-1,-1,1,0,-1,-1,1,1
1420,0,0,1,1,1,0,0,0,-1,1,1,0,0,1,0,0,1,0,1,0,1
1421,0,0,-1,0,1,0,1,0,0,-1,1,0,-1,-1,0,0,0,-1,-1,1,1
1422,1,0,0,0,1,1,-1,0,0,1,0,-1,0,-1,-1,-1,0,1,1,0,1
1423,1,-1,-1,1,0,-1,-1,0,1,-1,-1,1,0,-1,0,0,0,0,0,-1,0
1424,0,1,0,-1,0,0,-1,-1,0,-1,0,0,-1,0,-1,1,0,0,1,1,0
1425,0,0,0,-1,1,0,0,-1,-1,0,0,0,-1,-1,-1,0,1,-1,-1,0,0
1426,-1,0,1,0,-1,1,1,1,1,0,0,1,0,1,0,-1,0,0,1,-1,1
1427,0,-1,1,0,1,0,0,1,1,0,0,0,1,0,0,1,0,1,-1,-1,1
1428,-1,0,1,1,1,1,-1,1,0,1,0,0,1,-1,-1,-1,-1,-1,0,-1,0
1429,1,0,0,0,0,-1,0,-1,0,0,1,-1,-1,0,1,1,-1,0,0,1,0
1430,1,0,-1,1,1,1,-1,0,0,0,0,0,0,0,1,-1,0,-1,1,-1,1
1431,0,1,0,0,0,0,-1,0,0,1,0,1,1,1,0,0,0,1,0,-1,1
1432,0,0,1,1,1,-1,0,0,0,-1,-1,0,-1,1,0,0,0,0,0,0,1
1433,0,0,1,1,1,1,1,0,-1,-1,-1,0,-1,1,1,0,1,0,0,0,0
1434,0,1,0,-1,0,-1,-1,1,-1,1,-1,1,0,0,0,-1,0,0,-1,1,1
1435,-1,-1,-1,0,1,1,-1,1,-1,1,0,0,0,0,0,0,1,0,0,1,1
1436,1,0,-1,1,0,0,-1,0,0,1,0,-1,1,0,-1,0,-1,1,-1,0,0
1437,0,0,0,0,1,0,-1,-1,0,0,0,0,0,-1,1,0,0,0,0,0,0
1438,1,1,0,0,0,1,1,0,0,-1,-1,-1,0,0,1,-1,0,1,0,-1,0
1439,1,0,0,-1,-1,1,1,1,0,1,0,0,1,-1,0,0,1,0,0,0,1
1440,0,-1,1,0,-1,1,0,-1,0,0,1,1,0,0,0,1,0,0,0,0,1
1441,1,0,0,1,-1,-1,0,-1,0,1,0,1,0,0,0,1,0,-1,1,-1,1
1442,-1,0,1,0,1,-1,-1,0,0,0,0,1,1,0,1,-1,-1,-1,0,0,0
1443,0,1,1,1,0,0,-1,0,-1,0,0,-1,0,-1,-1,-1,1,-1,0,0,0
1444,0,1,1,0,-1,0,0,1,0,0,0,0,1,0,0,0,0,1,0,-1,1
1445,-1,-1,1,0,1,0,0,0,0,1,0,0,-1,0,1,1,1,1,0,0,0
1446,1,0,1,-1,1,0,0,0,0,-1,0,0,1,0,-1,1,0,1,1,0,1
1447,1,-1,-1,0,0,-1,0,0,0,-1,0,0,0,1,0,0,1,0,1,1,1
1448,-1,1,-1,1,0,1,1,0,1,0,0,1,0,1,1,0,0,1,-1,0,1
1449,0,-1,0,0,1,1,0,0,0,1,-1,0,-1,0,-1,0,0,0,-1,0,1
1450,0,1,-1,0,0,0,-1,1,1,0,1,-1,0,1,1,1,0,-1,1,1,1
1451,-1,0,1,1,-1,0,0,-1,0,0,0,0,1,0,0,-1,1,-1,-1,-1,0
1452,1,0,1,-1,1,0,1,0,0,0,-1,0,1,-1,-1,1,1,0,0,1,0
1453,0,1,1,0,-1,1,0,0,1,1,0,0,0,0,1,-1,0,0,0,-1,1
1454,0,1,1,-1,-1,0,1,-1,1,1,1,1,-1,0,0,1,0,1,-1,1,1
1455,0,0,0,1,-1,1,0,0,0,1,1,-1,-1,-1,0,1,1,0,0,0,0
1456,-1,-1,0,0,0,-1,-1,1,1,0,0,-1,-1,1,1,-1,0,0,0,0,1
1457,0,1,1,1,1,0,1,0,0,1,1,0,-1,-1,1,-1,1,0,-1,1,1
1458,0,-1,0,0,1,1,0,1,1,0,0,-1,1,1,1,0,0,0,1,-1,1
1459,1,1,1,0,-1,0,0,0,-1,0,-1,0,-1,0,0,1,0,0,0,-1,1
1460,0,0,1,-1,0,0,-1,-1,-1,1,0,1,-1,1,0,1,1,1,0,0,0
1461,1,-1,0,1,0,1,0,0,0,0,1,0,0,0,0,1,-1,0,-1,1,1
1462,0,1,0,0,1,0,-1,1,-1,0,0,-1,0,0,0,0,0,1,0,0,1
1463,0,0,-1,0,1,0,-1,0,1,0,0,0,0,0,1,0,1,1,1,0,1
1464,-1,-1,1,1,0,1,-1,0,-1,-1,-1,0,1,0,-1,-1,0,1,0,1,0
1465,1,0,-1,1,1,-1,-1,0,1,1,1,0,-1,1,-1,-1,1,1,-1,0,1
1466,-1,0,-1,-1,0,1,-1,0,-1,0,0,0,1,0,-1,1,1,-1,-1,0,1
1467,-1,0,-1,0,-1,0,1,-1,0,0,0,-1,0,1,1,0,0,1,0,-1,1
1468,-1,0,-1,0,1,-1,0,-1,0,0,1,1,-1,1,0,0,0,0,0,0,1
1469,-1,0,-1,1,-1,1,0,0,-1,-1,0,1,-1,0,1,1,0,0,-1,0,1
1470,-1,0,0,0,0,0,0,0,0,1,0,-1,-1,1,0,0,0,0,-1,-1,0
1471,0,0,1,0,0,0,1,1,0,1,0,0,-1,0,-1,1,0,0,1,0,0
1472,1,0,0,1,0,-1,1,0,1,1,0,1,1,-1,0,-1,1,0,1,0,1
1473,-1,0,1,1,1,-1,1,0,-1,-1,1,0,0,0,0,1,0,0,0,1,1
1474,0,-1,1,1,0,0,-1,0,-1,1,0,0,0,1,0,1,1,-1,1,0,1
1475,1,0,0,0,0,1,-1,1,0,1,-1,-1,1,1,-1,0,-1,0,-1,-1,1
1476,-1,-1,1,0,-1,1,1,-1,-1,1,0,0,1,0,-1,-1,0,-1,0,1,1
1477,1,1,-1,0,1,-1,0,0,0,0,1,0,1,1,0,-1,-1,-1,0,0,1
1478,0,-1,0,0,0,1,0,0,-1,0,0,-1,-1,0,0,-1,0,0,-1,0,0
1479,1,-1,1,-1,0,0,0,1,0,0,0,0,1,0,-1,1,1,0,0,0,0
1480,0,0,-1,1,0,1,1,1,0,1,0,-1,-1,1,-1,1,1,1,0,0,1
1481,1,-1,1,-1,1,0,1,0,0,0,1,1,0,0,-1,0,1,0,1,1,0
1482,0,1,-1,0,1,-1,1,0,1,1,-1,0,1,-1,0,0,0,1,0,0,1
1483,1,0,0,1,0,-1,0,0,-1,0,-1,1,1,0,0,1,1,1,0,0,0
1484,0,-1,0,1,-1,0,1,0,1,0,0,1,0,0,0,0,1,-1,0,1,1
1485,0,0,-1,-1,0,0,-1,0,0,-1,0,0,0,1,-1,0,0,0,0,0,1
1486,1,-1,0,0,-1,1,0,0,1,1,-1,0,-1,1,0,-1,0,1,1,0,1
1487,0,0,0,1,0,1,0,1,-1,1,1,1,0,0,0,-1,0,-1,1,1,0
1488,0,0,0,0,0,0,0,0,1,0,-1,1,1,1,0,0,0,1,0,0,0
1489,-1,-1,0,0,1,0,1,0,-1,0,-1,0,-1,-1,0,0,0,1,0,0,1
1490,0,0,0,0,1,0,1,1,1,0,0,1,0,1,0,0,0,0,-1,0,0
1491,0,1,0,-1,-1,0,1,0,-1,-1,1,0,1,0,0,0,0,1,0,0,1
