Date,Total,Positive,Average,Price
2015-01-01,24.0,19.0,0.7916666666666666,NaN
2015-01-02,28.0,22.0,0.7857142857142857,109.33
2015-01-03,6.0,4.0,0.6666666666666666,NaN
2015-01-04,4.0,2.0,0.5,NaN
2015-01-05,40.0,34.0,0.85,106.25
2015-01-06,29.0,27.0,0.9310344827586207,106.26
2015-01-07,36.0,24.0,0.6666666666666666,107.75
2015-01-08,56.0,48.0,0.8571428571428571,111.89
2015-01-09,37.0,27.0,0.7297297297297297,112.01
2015-01-10,4.0,4.0,1.0,NaN
2015-01-11,3.0,3.0,1.0,NaN
2015-01-12,27.0,24.0,0.8888888888888888,109.25
2015-01-13,45.0,37.0,0.8222222222222222,110.22
2015-01-14,61.0,50.0,0.819672131147541,109.8
2015-01-15,60.0,53.0,0.8833333333333333,106.82
2015-01-16,8.0,8.0,1.0,105.99
2015-01-17,10.0,8.0,0.8,NaN
2015-01-18,1.0,1.0,1.0,NaN
2015-01-19,16.0,12.0,0.75,NaN
2015-01-20,32.0,29.0,0.90625,108.72
2015-01-21,32.0,26.0,0.8125,109.55
2015-01-22,45.0,43.0,0.9555555555555556,112.4
2015-01-23,25.0,21.0,0.84,112.98
2015-01-24,10.0,7.0,0.7,NaN
2015-01-25,6.0,5.0,0.8333333333333334,NaN
2015-01-26,48.0,41.0,0.8541666666666666,113.1
2015-01-27,91.0,73.0,0.8021978021978022,109.14
2015-01-28,145.0,126.0,0.8689655172413793,115.31
2015-01-29,78.0,67.0,0.8589743589743589,118.9
2015-01-30,31.0,28.0,0.9032258064516129,117.16
2015-01-31,13.0,12.0,0.9230769230769231,NaN
2015-02-01,9.0,8.0,0.8888888888888888,NaN
2015-02-02,56.0,44.0,0.7857142857142857,118.63
2015-02-03,41.0,37.0,0.9024390243902439,118.65
2015-02-04,48.0,43.0,0.8958333333333334,119.56
2015-02-05,33.0,28.0,0.8484848484848485,119.94
2015-02-06,26.0,19.0,0.7307692307692307,118.93
2015-02-07,4.0,3.0,0.75,NaN
2015-02-08,4.0,4.0,1.0,NaN
2015-02-09,32.0,27.0,0.84375,119.72
2015-02-10,48.0,44.0,0.9166666666666666,122.02
2015-02-11,85.0,69.0,0.8117647058823529,124.88
2015-02-12,70.0,58.0,0.8285714285714286,126.46
2015-02-13,49.0,39.0,0.7959183673469388,127.08
2015-02-14,22.0,15.0,0.6818181818181818,NaN
2015-02-15,7.0,6.0,0.8571428571428571,NaN
2015-02-16,14.0,13.0,0.9285714285714286,NaN
2015-02-17,54.0,46.0,0.8518518518518519,127.83
2015-02-18,38.0,33.0,0.868421052631579,128.715
2015-02-19,66.0,48.0,0.7272727272727273,128.45
2015-02-20,45.0,31.0,0.6888888888888889,129.495
2015-02-21,11.0,9.0,0.8181818181818182,NaN
2015-02-22,3.0,2.0,0.6666666666666666,NaN
2015-02-23,56.0,47.0,0.8392857142857143,133.0
2015-02-24,62.0,56.0,0.9032258064516129,132.17
2015-02-25,61.0,45.0,0.7377049180327869,128.79
2015-02-26,67.0,51.0,0.7611940298507462,130.415
2015-02-27,46.0,30.0,0.6521739130434783,128.46
2015-02-28,15.0,10.0,0.6666666666666666,NaN
2015-03-01,14.0,12.0,0.8571428571428571,NaN
2015-03-02,68.0,60.0,0.8823529411764706,129.09
2015-03-03,57.0,49.0,0.8596491228070176,129.36
2015-03-04,65.0,49.0,0.7538461538461538,128.54
2015-03-05,55.0,44.0,0.8,126.41
2015-03-06,87.0,67.0,0.7701149425287356,126.6
2015-03-07,31.0,30.0,0.967741935483871,NaN
2015-03-08,13.0,10.0,0.7692307692307693,NaN
2015-03-09,179.0,160.0,0.8938547486033519,127.14
2015-03-10,187.0,157.0,0.839572192513369,124.51
2015-03-11,104.0,73.0,0.7019230769230769,122.24
2015-03-12,78.0,66.0,0.8461538461538461,124.45
2015-03-13,57.0,46.0,0.8070175438596491,123.59
2015-03-14,21.0,18.0,0.8571428571428571,NaN
2015-03-15,5.0,3.0,0.6,NaN
2015-03-16,44.0,37.0,0.8409090909090909,124.95
2015-03-17,58.0,44.0,0.7586206896551724,127.04
2015-03-18,52.0,46.0,0.8846153846153846,128.47
2015-03-19,49.0,42.0,0.8571428571428571,127.495
2015-03-20,28.0,24.0,0.8571428571428571,125.9
2015-03-21,11.0,8.0,0.7272727272727273,NaN
2015-03-22,4.0,3.0,0.75,NaN
2015-03-23,46.0,37.0,0.8043478260869565,127.21
2015-03-24,40.0,39.0,0.975,126.69
2015-03-25,24.0,18.0,0.75,123.38
2015-03-26,53.0,47.0,0.8867924528301887,124.24
2015-03-27,34.0,33.0,0.9705882352941176,123.25
2015-03-28,14.0,14.0,1.0,NaN
2015-03-29,6.0,6.0,1.0,NaN
2015-03-30,43.0,35.0,0.813953488372093,126.37
2015-03-31,46.0,42.0,0.9130434782608695,124.43
2015-04-01,37.0,31.0,0.8378378378378378,124.25
2015-04-02,26.0,26.0,1.0,125.32
2015-04-03,16.0,14.0,0.875,NaN
2015-04-04,8.0,8.0,1.0,NaN
2015-04-05,5.0,3.0,0.6,NaN
2015-04-06,25.0,23.0,0.92,127.35
2015-04-07,44.0,38.0,0.8636363636363636,126.01
2015-04-08,56.0,47.0,0.8392857142857143,125.6
2015-04-09,95.0,84.0,0.8842105263157894,126.56
2015-04-10,71.0,63.0,0.8873239436619719,127.1
2015-04-11,21.0,19.0,0.9047619047619048,NaN
2015-04-12,6.0,6.0,1.0,NaN
2015-04-13,61.0,54.0,0.8852459016393442,126.85
2015-04-14,65.0,59.0,0.9076923076923077,126.3
2015-04-15,37.0,28.0,0.7567567567567568,126.78
2015-04-16,63.0,51.0,0.8095238095238095,126.17
2015-04-17,54.0,45.0,0.8333333333333334,124.75
2015-04-18,20.0,17.0,0.85,NaN
2015-04-19,3.0,1.0,0.3333333333333333,NaN
2015-04-20,35.0,29.0,0.8285714285714286,127.6
2015-04-21,42.0,39.0,0.9285714285714286,126.91
2015-04-22,41.0,36.0,0.8780487804878049,128.62
2015-04-23,64.0,53.0,0.828125,129.67
2015-04-24,80.0,74.0,0.925,130.28
2015-04-25,15.0,12.0,0.8,NaN
2015-04-26,11.0,9.0,0.8181818181818182,NaN
2015-04-27,92.0,72.0,0.782608695652174,132.65
2015-04-28,121.0,104.0,0.859504132231405,130.56
2015-04-29,91.0,74.0,0.8131868131868132,128.64
2015-04-30,60.0,47.0,0.7833333333333333,125.15
2015-05-01,48.0,37.0,0.7708333333333334,128.95
2015-05-02,9.0,6.0,0.6666666666666666,NaN
2015-05-03,3.0,2.0,0.6666666666666666,NaN
2015-05-04,30.0,22.0,0.7333333333333333,128.7
2015-05-05,36.0,27.0,0.75,125.8
2015-05-06,60.0,48.0,0.8,125.01
2015-05-07,45.0,41.0,0.9111111111111111,125.26
2015-05-08,23.0,17.0,0.7391304347826086,127.62
2015-05-09,10.0,9.0,0.9,NaN
2015-05-10,5.0,5.0,1.0,NaN
2015-05-11,31.0,27.0,0.8709677419354839,126.32
2015-05-12,28.0,27.0,0.9642857142857143,125.865
2015-05-13,30.0,25.0,0.8333333333333334,126.01
2015-05-14,44.0,39.0,0.8863636363636364,128.95
2015-05-15,20.0,17.0,0.85,128.77
2015-05-16,8.0,6.0,0.75,NaN
2015-05-17,7.0,6.0,0.8571428571428571,NaN
2015-05-18,50.0,39.0,0.78,130.19
2015-05-19,94.0,62.0,0.6595744680851063,130.07
2015-05-20,36.0,27.0,0.75,130.06
2015-05-21,39.0,32.0,0.8205128205128205,131.39
2015-05-22,25.0,19.0,0.76,132.54
2015-05-23,3.0,2.0,0.6666666666666666,NaN
2015-05-24,3.0,2.0,0.6666666666666666,NaN
2015-05-25,9.0,7.0,0.7777777777777778,NaN
2015-05-26,35.0,29.0,0.8285714285714286,129.62
2015-05-27,48.0,42.0,0.875,132.045
2015-05-28,77.0,63.0,0.8181818181818182,131.78
2015-05-29,30.0,27.0,0.9,130.28
2015-05-30,7.0,6.0,0.8571428571428571,NaN
2015-05-31,12.0,9.0,0.75,NaN
2015-06-01,56.0,51.0,0.9107142857142857,130.535
2015-06-02,32.0,29.0,0.90625,129.96
2015-06-03,65.0,54.0,0.8307692307692308,130.12
2015-06-04,80.0,66.0,0.825,129.36
2015-06-05,39.0,35.0,0.8974358974358975,128.65
2015-06-06,13.0,12.0,0.9230769230769231,NaN
2015-06-07,14.0,13.0,0.9285714285714286,NaN
2015-06-08,140.0,135.0,0.9642857142857143,127.8
2015-06-09,115.0,100.0,0.8695652173913043,127.42
2015-06-10,66.0,50.0,0.7575757575757576,128.88
2015-06-11,43.0,33.0,0.7674418604651163,128.59
2015-06-12,21.0,14.0,0.6666666666666666,127.17
2015-06-13,6.0,6.0,1.0,NaN
2015-06-14,4.0,3.0,0.75,NaN
2015-06-15,40.0,32.0,0.8,126.92
2015-06-16,42.0,34.0,0.8095238095238095,127.6
2015-06-17,33.0,29.0,0.8787878787878788,127.3
2015-06-18,39.0,34.0,0.8717948717948718,127.88
2015-06-19,26.0,19.0,0.7307692307692307,126.6
2015-06-20,9.0,6.0,0.6666666666666666,NaN
2015-06-21,8.0,7.0,0.875,NaN
2015-06-22,51.0,40.0,0.7843137254901961,127.61
2015-06-23,50.0,45.0,0.9,127.03
2015-06-24,56.0,53.0,0.9464285714285714,128.11
2015-06-25,47.0,45.0,0.9574468085106383,127.5
2015-06-26,41.0,36.0,0.8780487804878049,126.75
2015-06-27,7.0,7.0,1.0,NaN
2015-06-28,3.0,2.0,0.6666666666666666,NaN
2015-06-29,31.0,28.0,0.9032258064516129,124.53
2015-06-30,68.0,52.0,0.7647058823529411,125.425
2015-07-01,74.0,61.0,0.8243243243243243,126.6
2015-07-02,32.0,27.0,0.84375,126.44
2015-07-03,37.0,35.0,0.9459459459459459,NaN
2015-07-04,5.0,4.0,0.8,NaN
2015-07-05,5.0,4.0,0.8,NaN
2015-07-06,21.0,19.0,0.9047619047619048,126.0
2015-07-07,36.0,30.0,0.8333333333333334,125.69
2015-07-08,33.0,22.0,0.6666666666666666,122.57
2015-07-09,50.0,46.0,0.92,120.07
2015-07-10,27.0,23.0,0.8518518518518519,123.28
2015-07-11,3.0,3.0,1.0,NaN
2015-07-12,2.0,2.0,1.0,NaN
2015-07-13,33.0,23.0,0.696969696969697,125.66
2015-07-14,25.0,20.0,0.8,125.61
2015-07-15,27.0,23.0,0.8518518518518519,126.82
2015-07-16,43.0,36.0,0.8372093023255814,128.51
2015-07-17,20.0,16.0,0.8,129.62
2015-07-18,6.0,5.0,0.8333333333333334,NaN
2015-07-19,2.0,2.0,1.0,NaN
2015-07-20,35.0,26.0,0.7428571428571429,132.07
2015-07-21,89.0,66.0,0.7415730337078652,130.75
2015-07-22,161.0,113.0,0.7018633540372671,125.22
2015-07-23,59.0,47.0,0.7966101694915254,125.16
2015-07-24,22.0,16.0,0.7272727272727273,124.5
2015-07-25,5.0,4.0,0.8,NaN
2015-07-26,5.0,3.0,0.6,NaN
2015-07-27,45.0,35.0,0.7777777777777778,122.77
2015-07-28,26.0,20.0,0.7692307692307693,123.38
2015-07-29,33.0,28.0,0.8484848484848485,122.99
2015-07-30,37.0,32.0,0.8648648648648649,122.37
2015-07-31,13.0,12.0,0.9230769230769231,121.3
2015-08-01,6.0,5.0,0.8333333333333334,NaN
2015-08-02,5.0,4.0,0.8,NaN
2015-08-03,17.0,15.0,0.8823529411764706,118.44
2015-08-04,38.0,26.0,0.6842105263157895,114.64
2015-08-05,69.0,45.0,0.6521739130434783,115.4
2015-08-06,66.0,50.0,0.7575757575757576,115.13
2015-08-07,42.0,35.0,0.8333333333333334,115.52
2015-08-08,7.0,4.0,0.5714285714285714,NaN
2015-08-09,6.0,3.0,0.5,NaN
2015-08-10,40.0,34.0,0.85,119.72
2015-08-11,48.0,32.0,0.6666666666666666,113.49
2015-08-12,45.0,38.0,0.8444444444444444,115.24
2015-08-13,75.0,57.0,0.76,115.15
2015-08-14,42.0,35.0,0.8333333333333334,115.96
2015-08-15,5.0,4.0,0.8,NaN
2015-08-16,4.0,2.0,0.5,NaN
2015-08-17,25.0,20.0,0.8,117.16
2015-08-18,38.0,28.0,0.7368421052631579,116.5
2015-08-19,21.0,16.0,0.7619047619047619,115.01
2015-08-20,27.0,23.0,0.8518518518518519,112.65
2015-08-21,27.0,21.0,0.7777777777777778,105.76
2015-08-22,8.0,6.0,0.75,NaN
2015-08-23,6.0,4.0,0.6666666666666666,NaN
2015-08-24,23.0,15.0,0.6521739130434783,103.12
2015-08-25,37.0,30.0,0.8108108108108109,103.74
2015-08-26,33.0,25.0,0.7575757575757576,109.69
2015-08-27,59.0,50.0,0.847457627118644,112.92
2015-08-28,58.0,51.0,0.8793103448275862,113.29
2015-08-29,10.0,10.0,1.0,NaN
2015-08-30,5.0,4.0,0.8,NaN
2015-08-31,58.0,48.0,0.8275862068965517,112.76
2015-09-01,54.0,46.0,0.8518518518518519,107.72
2015-09-02,54.0,49.0,0.9074074074074074,112.34
2015-09-03,53.0,40.0,0.7547169811320755,110.37
2015-09-04,43.0,36.0,0.8372093023255814,109.27
2015-09-05,9.0,8.0,0.8888888888888888,NaN
2015-09-06,7.0,7.0,1.0,NaN
2015-09-07,21.0,18.0,0.8571428571428571,NaN
2015-09-08,79.0,66.0,0.8354430379746836,112.31
2015-09-09,185.0,165.0,0.8918918918918919,110.15
2015-09-10,185.0,163.0,0.8810810810810811,112.57
2015-09-11,85.0,71.0,0.8352941176470589,114.21
2015-09-12,22.0,18.0,0.8181818181818182,NaN
2015-09-13,11.0,7.0,0.6363636363636364,NaN
2015-09-14,84.0,75.0,0.8928571428571429,115.31
2015-09-15,51.0,46.0,0.9019607843137255,116.28
2015-09-16,75.0,57.0,0.76,116.41
2015-09-17,72.0,60.0,0.8333333333333334,113.92
2015-09-18,63.0,44.0,0.6984126984126984,113.45
2015-09-19,15.0,11.0,0.7333333333333333,NaN
2015-09-20,10.0,9.0,0.9,NaN
2015-09-21,88.0,61.0,0.6931818181818182,115.21
2015-09-22,71.0,51.0,0.7183098591549296,113.4
2015-09-23,45.0,37.0,0.8222222222222222,114.32
2015-09-24,64.0,56.0,0.875,115.0
2015-09-25,64.0,56.0,0.875,114.71
2015-09-26,11.0,9.0,0.8181818181818182,NaN
2015-09-27,7.0,4.0,0.5714285714285714,NaN
2015-09-28,57.0,51.0,0.8947368421052632,112.44
2015-09-29,61.0,50.0,0.819672131147541,109.06
2015-09-30,49.0,44.0,0.8979591836734694,109.95
2015-10-01,70.0,55.0,0.7857142857142857,109.58
2015-10-02,47.0,38.0,0.8085106382978723,110.38
2015-10-03,16.0,14.0,0.875,NaN
2015-10-04,3.0,3.0,1.0,NaN
2015-10-05,46.0,38.0,0.8260869565217391,110.78
2015-10-06,45.0,35.0,0.7777777777777778,111.31
2015-10-07,43.0,36.0,0.8372093023255814,110.78
2015-10-08,54.0,46.0,0.8518518518518519,109.5
2015-10-09,53.0,45.0,0.8490566037735849,112.12
2015-10-10,5.0,2.0,0.4,NaN
2015-10-11,5.0,3.0,0.6,NaN
2015-10-12,43.0,35.0,0.813953488372093,111.6
2015-10-13,34.0,27.0,0.7941176470588235,111.79
2015-10-14,69.0,44.0,0.6376811594202898,110.21
2015-10-15,46.0,37.0,0.8043478260869565,111.86
2015-10-16,41.0,29.0,0.7073170731707317,111.04
2015-10-17,24.0,13.0,0.5416666666666666,NaN
2015-10-18,7.0,6.0,0.8571428571428571,NaN
2015-10-19,42.0,33.0,0.7857142857142857,111.73
2015-10-20,52.0,45.0,0.8653846153846154,113.77
2015-10-21,43.0,37.0,0.8604651162790697,113.76
2015-10-22,46.0,36.0,0.782608695652174,115.5
2015-10-23,47.0,40.0,0.851063829787234,119.08
2015-10-24,5.0,4.0,0.8,NaN
2015-10-25,6.0,6.0,1.0,NaN
2015-10-26,70.0,57.0,0.8142857142857143,115.28
2015-10-27,89.0,77.0,0.8651685393258427,114.55
2015-10-28,93.0,70.0,0.7526881720430108,119.27
2015-10-29,63.0,57.0,0.9047619047619048,120.53
2015-10-30,40.0,32.0,0.8,119.5
2015-10-31,3.0,2.0,0.6666666666666666,NaN
2015-11-01,8.0,5.0,0.625,NaN
2015-11-02,43.0,38.0,0.8837209302325582,121.18
2015-11-03,29.0,26.0,0.896551724137931,122.57
2015-11-04,24.0,21.0,0.875,122.0
2015-11-05,28.0,20.0,0.7142857142857143,120.92
2015-11-06,28.0,27.0,0.9642857142857143,121.06
2015-11-07,7.0,4.0,0.5714285714285714,NaN
2015-11-08,4.0,1.0,0.25,NaN
2015-11-09,47.0,42.0,0.8936170212765957,120.57
2015-11-10,34.0,27.0,0.7941176470588235,116.77
2015-11-11,40.0,34.0,0.85,116.11
2015-11-12,55.0,50.0,0.9090909090909091,115.72
2015-11-13,27.0,25.0,0.9259259259259259,112.34
2015-11-14,5.0,4.0,0.8,NaN
2015-11-15,1.0,1.0,1.0,NaN
2015-11-16,25.0,20.0,0.8,114.175
2015-11-17,36.0,31.0,0.8611111111111112,113.69
2015-11-18,32.0,26.0,0.8125,117.29
2015-11-19,23.0,18.0,0.782608695652174,118.78
2015-11-20,33.0,24.0,0.7272727272727273,119.3
2015-11-21,5.0,3.0,0.6,NaN
2015-11-22,1.0,1.0,1.0,NaN
2015-11-23,12.0,11.0,0.9166666666666666,117.75
2015-11-24,27.0,26.0,0.9629629629629629,118.88
2015-11-25,17.0,14.0,0.8235294117647058,118.03
2015-11-26,16.0,14.0,0.875,NaN
2015-11-27,14.0,14.0,1.0,117.81
2015-11-28,3.0,3.0,1.0,NaN
2015-11-29,5.0,3.0,0.6,NaN
2015-11-30,26.0,23.0,0.8846153846153846,118.3
2015-12-01,22.0,18.0,0.8181818181818182,117.34
2015-12-02,22.0,17.0,0.7727272727272727,116.28
2015-12-03,29.0,28.0,0.9655172413793104,115.2
2015-12-04,28.0,23.0,0.8214285714285714,119.03
2015-12-05,11.0,3.0,0.2727272727272727,NaN
2015-12-06,1.0,1.0,1.0,NaN
2015-12-07,19.0,14.0,0.7368421052631579,118.28
2015-12-08,32.0,29.0,0.90625,118.23
2015-12-09,28.0,22.0,0.7857142857142857,115.62
2015-12-10,45.0,38.0,0.8444444444444444,116.17
2015-12-11,25.0,20.0,0.8,113.18
2015-12-12,10.0,8.0,0.8,NaN
2015-12-13,5.0,5.0,1.0,NaN
2015-12-14,41.0,30.0,0.7317073170731707,112.48
2015-12-15,41.0,28.0,0.6829268292682927,110.49
2015-12-16,24.0,17.0,0.7083333333333334,111.34
2015-12-17,46.0,42.0,0.9130434782608695,108.98
2015-12-18,46.0,41.0,0.8913043478260869,106.03
2015-12-19,7.0,4.0,0.5714285714285714,NaN
2015-12-20,3.0,3.0,1.0,NaN
2015-12-21,48.0,33.0,0.6875,107.33
2015-12-22,29.0,25.0,0.8620689655172413,107.23
2015-12-23,14.0,11.0,0.7857142857142857,108.61
2015-12-24,20.0,16.0,0.8,108.03
2015-12-25,13.0,12.0,0.9230769230769231,NaN
2015-12-26,5.0,3.0,0.6,NaN
2015-12-27,3.0,2.0,0.6666666666666666,NaN
2015-12-28,22.0,19.0,0.8636363636363636,106.82
2015-12-29,15.0,15.0,1.0,108.74
2015-12-30,38.0,29.0,0.7631578947368421,107.32
2015-12-31,28.0,20.0,0.7142857142857143,105.26
2016-01-01,13.0,12.0,0.9230769230769231,NaN
2016-01-02,1.0,1.0,1.0,NaN
2016-01-03,4.0,4.0,1.0,NaN
2016-01-04,26.0,21.0,0.8076923076923077,105.35
2016-01-05,43.0,30.0,0.6976744186046512,102.71
2016-01-06,55.0,40.0,0.7272727272727273,100.7
2016-01-07,37.0,30.0,0.8108108108108109,96.45
2016-01-08,50.0,37.0,0.74,96.96
2016-01-09,9.0,7.0,0.7777777777777778,NaN
2016-01-10,5.0,4.0,0.8,NaN
2016-01-11,35.0,31.0,0.8857142857142857,98.53
2016-01-12,28.0,22.0,0.7857142857142857,99.96
2016-01-13,32.0,26.0,0.8125,97.39
2016-01-14,25.0,19.0,0.76,99.52
2016-01-15,22.0,17.0,0.7727272727272727,97.13
2016-01-16,5.0,5.0,1.0,NaN
2016-01-17,3.0,3.0,1.0,NaN
2016-01-18,15.0,12.0,0.8,NaN
2016-01-19,35.0,27.0,0.7714285714285715,96.66
2016-01-20,26.0,20.0,0.7692307692307693,96.79
2016-01-21,33.0,25.0,0.7575757575757576,96.3
2016-01-22,51.0,38.0,0.7450980392156863,101.42
2016-01-23,17.0,12.0,0.7058823529411765,NaN
2016-01-24,1.0,1.0,1.0,NaN
2016-01-25,52.0,42.0,0.8076923076923077,99.44
2016-01-26,57.0,42.0,0.7368421052631579,99.99
2016-01-27,98.0,70.0,0.7142857142857143,93.42
2016-01-28,71.0,51.0,0.7183098591549296,94.09
2016-01-29,48.0,32.0,0.6666666666666666,97.34
2016-01-30,13.0,11.0,0.8461538461538461,NaN
2016-01-31,6.0,3.0,0.5,NaN
2016-02-01,45.0,41.0,0.9111111111111111,96.43
2016-02-02,39.0,36.0,0.9230769230769231,94.48
2016-02-03,32.0,29.0,0.90625,96.35
2016-02-04,28.0,23.0,0.8214285714285714,96.6
2016-02-05,35.0,24.0,0.6857142857142857,94.02
2016-02-06,8.0,6.0,0.75,NaN
2016-02-07,6.0,3.0,0.5,NaN
2016-02-08,18.0,13.0,0.7222222222222222,95.01
2016-02-09,29.0,26.0,0.896551724137931,94.99
2016-02-10,23.0,19.0,0.8260869565217391,94.27
2016-02-11,31.0,30.0,0.967741935483871,93.7
2016-02-12,31.0,24.0,0.7741935483870968,93.99
2016-02-13,15.0,13.0,0.8666666666666667,NaN
2016-02-14,8.0,7.0,0.875,NaN
2016-02-15,19.0,16.0,0.8421052631578947,NaN
2016-02-16,44.0,38.0,0.8636363636363636,96.64
2016-02-17,192.0,140.0,0.7291666666666666,98.12
2016-02-18,187.0,136.0,0.7272727272727273,96.26
2016-02-19,219.0,160.0,0.730593607305936,96.04
2016-02-20,65.0,42.0,0.6461538461538462,NaN
2016-02-21,45.0,34.0,0.7555555555555555,NaN
2016-02-22,133.0,94.0,0.706766917293233,96.88
2016-02-23,100.0,68.0,0.68,94.69
2016-02-24,110.0,80.0,0.7272727272727273,96.1
2016-02-25,161.0,117.0,0.7267080745341615,96.76
2016-02-26,128.0,94.0,0.734375,96.91
2016-02-27,34.0,23.0,0.6764705882352942,NaN
2016-02-28,17.0,8.0,0.47058823529411764,NaN
2016-02-29,74.0,51.0,0.6891891891891891,96.69
2016-03-01,124.0,90.0,0.7258064516129032,100.53
2016-03-02,96.0,75.0,0.78125,100.75
2016-03-03,82.0,65.0,0.7926829268292683,101.5
2016-03-04,83.0,57.0,0.6867469879518072,103.01
2016-03-05,30.0,23.0,0.7666666666666667,NaN
2016-03-06,11.0,8.0,0.7272727272727273,NaN
2016-03-07,56.0,40.0,0.7142857142857143,101.87
2016-03-08,74.0,54.0,0.7297297297297297,101.03
2016-03-09,44.0,36.0,0.8181818181818182,101.12
2016-03-10,59.0,44.0,0.7457627118644068,101.17
2016-03-11,64.0,52.0,0.8125,102.26
2016-03-12,23.0,16.0,0.6956521739130435,NaN
2016-03-13,9.0,4.0,0.4444444444444444,NaN
2016-03-14,53.0,51.0,0.9622641509433962,102.52
2016-03-15,49.0,36.0,0.7346938775510204,104.58
2016-03-16,41.0,35.0,0.8536585365853658,105.97
2016-03-17,60.0,43.0,0.7166666666666667,105.8
2016-03-18,37.0,29.0,0.7837837837837838,105.92
2016-03-19,19.0,14.0,0.7368421052631579,NaN
2016-03-20,14.0,11.0,0.7857142857142857,NaN
2016-03-21,189.0,154.0,0.8148148148148148,105.91
2016-03-22,203.0,146.0,0.7192118226600985,106.72
2016-03-23,85.0,58.0,0.6823529411764706,106.13
2016-03-24,65.0,60.0,0.9230769230769231,105.67
2016-03-25,32.0,28.0,0.875,NaN
2016-03-26,13.0,8.0,0.6153846153846154,NaN
2016-03-27,9.0,5.0,0.5555555555555556,NaN
2016-03-28,66.0,40.0,0.6060606060606061,105.19
2016-03-29,160.0,104.0,0.65,107.68
2016-03-30,71.0,40.0,0.5633802816901409,109.56
2016-03-31,62.0,44.0,0.7096774193548387,108.99
2016-04-01,49.0,40.0,0.8163265306122449,109.99
2016-04-02,13.0,6.0,0.46153846153846156,NaN
2016-04-03,11.0,6.0,0.5454545454545454,NaN
2016-04-04,43.0,35.0,0.813953488372093,111.12
2016-04-05,36.0,31.0,0.8611111111111112,109.81
2016-04-06,33.0,28.0,0.8484848484848485,110.96
2016-04-07,48.0,42.0,0.875,108.54
2016-04-08,41.0,24.0,0.5853658536585366,108.66
2016-04-09,15.0,8.0,0.5333333333333333,NaN
2016-04-10,10.0,6.0,0.6,NaN
2016-04-11,39.0,30.0,0.7692307692307693,109.02
2016-04-12,23.0,21.0,0.9130434782608695,110.44
2016-04-13,28.0,24.0,0.8571428571428571,112.04
2016-04-14,45.0,39.0,0.8666666666666667,112.1
2016-04-15,40.0,24.0,0.6,109.85
2016-04-16,17.0,13.0,0.7647058823529411,NaN
2016-04-17,3.0,3.0,1.0,NaN
2016-04-18,38.0,24.0,0.631578947368421,107.48
2016-04-19,45.0,36.0,0.8,106.91
2016-04-20,40.0,29.0,0.725,107.13
2016-04-21,32.0,29.0,0.90625,105.97
2016-04-22,25.0,18.0,0.72,105.68
2016-04-23,17.0,10.0,0.5882352941176471,NaN
2016-04-24,9.0,6.0,0.6666666666666666,NaN
2016-04-25,31.0,20.0,0.6451612903225806,105.08
2016-04-26,83.0,57.0,0.6867469879518072,104.35
2016-04-27,119.0,74.0,0.6218487394957983,97.82
2016-04-28,74.0,51.0,0.6891891891891891,94.83
2016-04-29,36.0,24.0,0.6666666666666666,93.74
2016-04-30,7.0,5.0,0.7142857142857143,NaN
2016-05-01,4.0,2.0,0.5,NaN
2016-05-02,36.0,32.0,0.8888888888888888,93.64
2016-05-03,22.0,14.0,0.6363636363636364,95.18
2016-05-04,35.0,26.0,0.7428571428571429,94.19
2016-05-05,44.0,38.0,0.8636363636363636,93.24
2016-05-06,25.0,19.0,0.76,92.72
2016-05-07,5.0,5.0,1.0,NaN
2016-05-08,1.0,0.0,0.0,NaN
2016-05-09,26.0,21.0,0.8076923076923077,92.79
2016-05-10,45.0,39.0,0.8666666666666667,93.42
2016-05-11,35.0,28.0,0.8,92.51
2016-05-12,21.0,18.0,0.8571428571428571,90.34
2016-05-13,35.0,26.0,0.7428571428571429,90.52
2016-05-14,5.0,5.0,1.0,NaN
2016-05-15,8.0,5.0,0.625,NaN
2016-05-16,60.0,51.0,0.85,93.88
2016-05-17,57.0,47.0,0.8245614035087719,93.49
2016-05-18,31.0,28.0,0.9032258064516129,94.56
2016-05-19,41.0,35.0,0.8536585365853658,94.2
2016-05-20,45.0,40.0,0.8888888888888888,95.22
2016-05-21,12.0,9.0,0.75,NaN
2016-05-22,4.0,2.0,0.5,NaN
2016-05-23,26.0,19.0,0.7307692307692307,96.43
2016-05-24,24.0,13.0,0.5416666666666666,97.9
2016-05-25,19.0,12.0,0.631578947368421,99.62
2016-05-26,27.0,22.0,0.8148148148148148,100.41
2016-05-27,22.0,15.0,0.6818181818181818,100.35
2016-05-28,4.0,3.0,0.75,NaN
2016-05-29,0.0,0.0,,NaN
2016-05-30,13.0,12.0,0.9230769230769231,NaN
2016-05-31,18.0,13.0,0.7222222222222222,99.86
2016-06-01,41.0,36.0,0.8780487804878049,98.46
2016-06-02,29.0,23.0,0.7931034482758621,97.72
2016-06-03,34.0,26.0,0.7647058823529411,97.92
2016-06-04,6.0,4.0,0.6666666666666666,NaN
2016-06-05,1.0,0.0,0.0,NaN
2016-06-06,14.0,10.0,0.7142857142857143,98.63
2016-06-07,27.0,22.0,0.8148148148148148,99.03
2016-06-08,19.0,17.0,0.8947368421052632,98.94
2016-06-09,31.0,24.0,0.7741935483870968,99.65
2016-06-10,35.0,33.0,0.9428571428571428,98.83
2016-06-11,5.0,5.0,1.0,NaN
2016-06-12,8.0,6.0,0.75,NaN
2016-06-13,92.0,82.0,0.8913043478260869,97.34
2016-06-14,51.0,44.0,0.8627450980392157,97.46
2016-06-15,27.0,22.0,0.8148148148148148,97.14
2016-06-16,32.0,29.0,0.90625,97.55
2016-06-17,26.0,20.0,0.7692307692307693,95.33
2016-06-18,13.0,8.0,0.6153846153846154,NaN
2016-06-19,10.0,7.0,0.7,NaN
2016-06-20,40.0,36.0,0.9,95.1
2016-06-21,40.0,37.0,0.925,95.91
2016-06-22,24.0,20.0,0.8333333333333334,95.55
2016-06-23,27.0,22.0,0.8148148148148148,96.1
2016-06-24,16.0,13.0,0.8125,93.4
2016-06-25,6.0,5.0,0.8333333333333334,NaN
2016-06-26,3.0,3.0,1.0,NaN
2016-06-27,14.0,13.0,0.9285714285714286,92.04
2016-06-28,22.0,18.0,0.8181818181818182,93.59
2016-06-29,15.0,15.0,1.0,94.4
2016-06-30,47.0,37.0,0.7872340425531915,95.6
2016-07-01,33.0,23.0,0.696969696969697,95.89
2016-07-02,5.0,4.0,0.8,NaN
2016-07-03,2.0,2.0,1.0,NaN
2016-07-04,18.0,15.0,0.8333333333333334,NaN
2016-07-05,32.0,25.0,0.78125,94.99
2016-07-06,16.0,12.0,0.75,95.53
2016-07-07,12.0,11.0,0.9166666666666666,95.94
2016-07-08,23.0,17.0,0.7391304347826086,96.68
2016-07-09,9.0,9.0,1.0,NaN
2016-07-10,2.0,2.0,1.0,NaN
2016-07-11,16.0,14.0,0.875,96.98
2016-07-12,12.0,11.0,0.9166666666666666,97.42
2016-07-13,19.0,18.0,0.9473684210526315,96.87
2016-07-14,20.0,18.0,0.9,98.79
2016-07-15,12.0,11.0,0.9166666666666666,98.78
2016-07-16,5.0,5.0,1.0,NaN
2016-07-17,2.0,1.0,0.5,NaN
2016-07-18,18.0,14.0,0.7777777777777778,99.83
2016-07-19,27.0,22.0,0.8148148148148148,99.87
2016-07-20,20.0,19.0,0.95,99.96
2016-07-21,34.0,27.0,0.7941176470588235,99.43
2016-07-22,18.0,17.0,0.9444444444444444,98.66
2016-07-23,8.0,6.0,0.75,NaN
2016-07-24,7.0,7.0,1.0,NaN
2016-07-25,36.0,29.0,0.8055555555555556,97.34
2016-07-26,53.0,45.0,0.8490566037735849,96.67
2016-07-27,74.0,61.0,0.8243243243243243,102.95
2016-07-28,51.0,41.0,0.803921568627451,104.34
2016-07-29,25.0,19.0,0.76,104.21
2016-07-30,7.0,5.0,0.7142857142857143,NaN
2016-07-31,8.0,6.0,0.75,NaN
2016-08-01,27.0,19.0,0.7037037037037037,106.05
2016-08-02,36.0,29.0,0.8055555555555556,104.48
2016-08-03,32.0,29.0,0.90625,105.79
2016-08-04,27.0,27.0,1.0,105.87
2016-08-05,38.0,32.0,0.8421052631578947,107.48
2016-08-06,6.0,4.0,0.6666666666666666,NaN
2016-08-07,9.0,8.0,0.8888888888888888,NaN
2016-08-08,39.0,30.0,0.7692307692307693,108.37
2016-08-09,26.0,21.0,0.8076923076923077,108.81
2016-08-10,20.0,17.0,0.85,108.0
2016-08-11,17.0,15.0,0.8823529411764706,107.93
2016-08-12,9.0,9.0,1.0,108.18
2016-08-13,5.0,3.0,0.6,NaN
2016-08-14,4.0,3.0,0.75,NaN
2016-08-15,43.0,39.0,0.9069767441860465,109.48
2016-08-16,31.0,25.0,0.8064516129032258,109.38
2016-08-17,28.0,25.0,0.8928571428571429,109.22
2016-08-18,25.0,15.0,0.6,109.08
2016-08-19,16.0,12.0,0.75,109.36
2016-08-20,9.0,7.0,0.7777777777777778,NaN
2016-08-21,4.0,3.0,0.75,NaN
2016-08-22,29.0,23.0,0.7931034482758621,108.51
2016-08-23,23.0,19.0,0.8260869565217391,108.85
2016-08-24,25.0,14.0,0.56,108.03
2016-08-25,47.0,26.0,0.5531914893617021,107.57
2016-08-26,31.0,23.0,0.7419354838709677,106.94
2016-08-27,11.0,6.0,0.5454545454545454,NaN
2016-08-28,3.0,3.0,1.0,NaN
2016-08-29,53.0,41.0,0.7735849056603774,106.82
2016-08-30,141.0,95.0,0.6737588652482269,106.0
2016-08-31,132.0,82.0,0.6212121212121212,106.1
2016-09-01,101.0,62.0,0.6138613861386139,106.73
2016-09-02,67.0,45.0,0.6716417910447762,107.73
2016-09-03,25.0,21.0,0.84,NaN
2016-09-04,22.0,15.0,0.6818181818181818,NaN
2016-09-05,43.0,26.0,0.6046511627906976,NaN
2016-09-06,53.0,36.0,0.6792452830188679,107.7
2016-09-07,245.0,182.0,0.7428571428571429,108.36
2016-09-08,112.0,70.0,0.625,105.52
2016-09-09,31.0,28.0,0.9032258064516129,103.13
2016-09-10,26.0,18.0,0.6923076923076923,NaN
2016-09-11,16.0,8.0,0.5,NaN
2016-09-12,62.0,49.0,0.7903225806451613,105.44
2016-09-13,144.0,110.0,0.7638888888888888,107.95
2016-09-14,73.0,56.0,0.7671232876712328,111.77
2016-09-15,103.0,63.0,0.6116504854368932,115.57
2016-09-16,104.0,77.0,0.7403846153846154,114.92
2016-09-17,41.0,28.0,0.6829268292682927,NaN
2016-09-18,0.0,0.0,,NaN
2016-09-19,47.0,36.0,0.7659574468085106,113.58
2016-09-20,48.0,37.0,0.7708333333333334,113.57
2016-09-21,61.0,49.0,0.8032786885245902,113.55
2016-09-22,44.0,30.0,0.6818181818181818,114.62
2016-09-23,36.0,28.0,0.7777777777777778,112.71
2016-09-24,13.0,10.0,0.7692307692307693,NaN
2016-09-25,10.0,8.0,0.8,NaN
2016-09-26,29.0,20.0,0.6896551724137931,112.88
2016-09-27,33.0,29.0,0.8787878787878788,113.09
2016-09-28,44.0,33.0,0.75,113.95
2016-09-29,35.0,26.0,0.7428571428571429,112.18
2016-09-30,22.0,20.0,0.9090909090909091,113.05
2016-10-01,11.0,8.0,0.7272727272727273,NaN
2016-10-02,7.0,5.0,0.7142857142857143,NaN
2016-10-03,42.0,34.0,0.8095238095238095,112.52
2016-10-04,18.0,14.0,0.7777777777777778,113.0
2016-10-05,36.0,32.0,0.8888888888888888,113.05
2016-10-06,34.0,28.0,0.8235294117647058,113.89
2016-10-07,31.0,19.0,0.6129032258064516,114.06
2016-10-08,9.0,5.0,0.5555555555555556,NaN
2016-10-09,6.0,5.0,0.8333333333333334,NaN
2016-10-10,35.0,27.0,0.7714285714285715,116.05
2016-10-11,49.0,32.0,0.6530612244897959,116.3
2016-10-12,42.0,30.0,0.7142857142857143,117.34
2016-10-13,25.0,20.0,0.8,116.98
2016-10-14,33.0,26.0,0.7878787878787878,117.63
2016-10-15,5.0,4.0,0.8,NaN
2016-10-16,3.0,2.0,0.6666666666666666,NaN
2016-10-17,29.0,24.0,0.8275862068965517,117.55
2016-10-18,33.0,28.0,0.8484848484848485,117.47
2016-10-19,26.0,20.0,0.7692307692307693,117.12
2016-10-20,39.0,31.0,0.7948717948717948,117.06
2016-10-21,34.0,25.0,0.7352941176470589,116.6
2016-10-22,5.0,2.0,0.4,NaN
2016-10-23,8.0,5.0,0.625,NaN
2016-10-24,50.0,37.0,0.74,117.65
2016-10-25,154.0,92.0,0.5974025974025974,118.25
2016-10-26,14.0,10.0,0.7142857142857143,115.59
2016-10-27,61.0,54.0,0.8852459016393442,114.48
2016-10-28,39.0,34.0,0.8717948717948718,113.72
2016-10-29,5.0,4.0,0.8,NaN
2016-10-30,7.0,6.0,0.8571428571428571,NaN
2016-10-31,42.0,38.0,0.9047619047619048,113.54
2016-11-01,33.0,22.0,0.6666666666666666,111.49
2016-11-02,23.0,17.0,0.7391304347826086,111.59
2016-11-03,25.0,22.0,0.88,109.83
2016-11-04,20.0,16.0,0.8,108.84
2016-11-05,6.0,4.0,0.6666666666666666,NaN
2016-11-06,9.0,8.0,0.8888888888888888,NaN
2016-11-07,25.0,23.0,0.92,110.41
2016-11-08,20.0,19.0,0.95,111.06
2016-11-09,18.0,14.0,0.7777777777777778,110.88
2016-11-10,41.0,36.0,0.8780487804878049,107.79
2016-11-11,23.0,19.0,0.8260869565217391,108.43
2016-11-12,3.0,3.0,1.0,NaN
2016-11-13,7.0,4.0,0.5714285714285714,NaN
2016-11-14,34.0,27.0,0.7941176470588235,105.71
2016-11-15,59.0,26.0,0.4406779661016949,107.11
2016-11-16,0.0,0.0,,109.99
2016-11-17,21.0,16.0,0.7619047619047619,109.95
2016-11-18,33.0,24.0,0.7272727272727273,110.06
2016-11-19,5.0,5.0,1.0,NaN
2016-11-20,7.0,5.0,0.7142857142857143,NaN
2016-11-21,34.0,25.0,0.7352941176470589,111.73
2016-11-22,28.0,23.0,0.8214285714285714,111.8
2016-11-23,21.0,17.0,0.8095238095238095,111.23
2016-11-24,14.0,12.0,0.8571428571428571,NaN
2016-11-25,18.0,15.0,0.8333333333333334,111.79
2016-11-26,5.0,5.0,1.0,NaN
2016-11-27,3.0,3.0,1.0,NaN
2016-11-28,16.0,15.0,0.9375,111.57
2016-11-29,22.0,16.0,0.7272727272727273,111.46
2016-11-30,25.0,22.0,0.88,110.52
2016-12-01,38.0,26.0,0.6842105263157895,109.49
2016-12-02,10.0,8.0,0.8,109.9
2016-12-03,0.0,0.0,,NaN
2016-12-04,0.0,0.0,,NaN
2016-12-05,51.0,43.0,0.8431372549019608,109.11
2016-12-06,49.0,12.0,0.24489795918367346,109.95
2016-12-07,82.0,55.0,0.6707317073170732,111.03
2016-12-08,18.0,16.0,0.8888888888888888,112.12
2016-12-09,17.0,14.0,0.8235294117647058,113.95
2016-12-10,11.0,6.0,0.5454545454545454,NaN
2016-12-11,1.0,1.0,1.0,NaN
2016-12-12,38.0,38.0,1.0,113.3
2016-12-13,31.0,26.0,0.8387096774193549,115.19
2016-12-14,2.0,1.0,0.5,115.19
2016-12-15,8.0,8.0,1.0,115.82
2016-12-16,35.0,31.0,0.8857142857142857,115.97
2016-12-17,0.0,0.0,,NaN
2016-12-18,4.0,2.0,0.5,NaN
2016-12-19,34.0,28.0,0.8235294117647058,116.64
2016-12-20,28.0,18.0,0.6428571428571429,116.95
2016-12-21,45.0,33.0,0.7333333333333333,117.06
2016-12-22,40.0,19.0,0.475,116.29
2016-12-23,18.0,12.0,0.6666666666666666,116.52
2016-12-24,4.0,2.0,0.5,NaN
2016-12-25,2.0,1.0,0.5,NaN
2016-12-26,8.0,6.0,0.75,NaN
2016-12-27,15.0,12.0,0.8,117.26
2016-12-28,16.0,12.0,0.75,116.76
2016-12-29,22.0,20.0,0.9090909090909091,116.73
2016-12-30,38.0,25.0,0.6578947368421053,115.82
